Title,❔ Notebook,📖 Wiki,👩‍👩‍👦‍👦 People,🖌️ Artifacts,Created time,Channel,Finished,Folder,Link,Note,Published Date,Status,Tags,Total Videos,URL,Video Duration
Should You Put an Inductor Above Ground? | PCB Layout,,,,,"January 31, 2023 1:10 PM",Altium Academy,No,altium,,,"January 23, 2023 10:19 AM (GMT+1)",,,,https://youtu.be/6ind9vopKZs,
Electronics Tutorial - Common Power Factor Correction methods,,,,,"February 6, 2023 12:49 PM",FesZ Electronics,No,,,,"February 6, 2023 9:49 AM (GMT+1)",,,,https://youtu.be/YiBuFQD1TYw,
Power Factor Correction | Active Power Factor Correction | PFC Control | Boost PFC,,,,,"February 8, 2023 2:35 PM",Foolish Engineer,No,,,,"February 7, 2023 10:54 AM (GMT+1)",,,,https://youtu.be/KVZVGHwp7B0,
351 3500 Watt / 3.5 KW PFC Power Factor Correction Reference Design Circuit - Explained,,,,,"February 9, 2023 9:44 AM",Haseeb Electronics,No,,,,"February 8, 2023 10:53 AM (GMT+1)",,,,https://youtu.be/RooiuRfN64o,
EEVblog #273 - Power Factor Correction with the MC34262,,,,,"February 9, 2023 9:44 AM",EEVblog,No,,,,"February 6, 2023 10:24 AM (GMT+1)",,,,https://youtu.be/MBQn6xpto6M,
"""You must Unlearn what You have Learned""",,,,,"August 20, 2023 1:12 PM",Altium Academy,No,,,,"January 31, 2023 11:04 AM (GMT+1)",,,,https://youtu.be/y4REmZlE7Jg,
The first 20 hours -- how to learn anything | Josh Kaufman | TEDxCSU,,,,,"August 21, 2023 9:43 AM",,No,,https://www.youtube.com/watch?v=5MgBikgcWnY&type=snipo,,,To Learn,TEDx Talks,1,,00:19:26
Simplify your digital life—for good | SUSTAINABLE steps for more minimalist & intentional tech use,,,,,"August 21, 2023 10:21 AM",,No,,https://www.youtube.com/watch?v=SyQcrBhsXUM&type=snipo,,,To Learn,,1,,00:05:30
How I structure my Obsidian vault (Obsidian tour),,,,,"August 21, 2023 10:43 AM",,No,,https://www.youtube.com/watch?v=vAwS-js2iB0&type=snipo,,,To Learn,,1,,00:19:45
Expressionism (https://www.notion.so/Expressionism-b29d8194464b4e1097367d9ffb89fc80?pvs=21) in 8 Minutes: The Most Disturbing Art Ever? 😱,,,,,"August 22, 2023 10:06 AM",,No,,https://www.youtube.com/watch?v=YnsRLQ4A0hc&type=snipo,,,To Learn,,1,,00:08:20
Örümcek Ağı: İngiltere'nin İkinci İmparatorluğu (Belgesel),,,,,"August 22, 2023 10:58 AM",,No,,https://www.youtube.com/watch?v=np_ylvc8Zj8&type=snipo,,,To Learn,,1,,01:18:01
"Bir Yönetişim Meselesi: Kriz Yönetimi | Limboda Bölüm: 3 - Mert Fırat, Dr. Ali Ercan Özgür",,,,,"August 23, 2023 12:24 PM",,No,,https://www.youtube.com/watch?v=hLr8KBfH6IY&type=snipo,,,To Learn,,1,,00:41:49
"Rick Rubin | A Guide to 'The Creative Act' (book report, and key takeaways)",,,,,"August 23, 2023 5:14 PM",,No,,https://www.youtube.com/watch?v=MJzKun8a3eE&type=snipo,,,To Learn,,1,,00:22:05
"Rick Rubin Shares a Lifetime of Creative Advice I Daily Routines, Managing Inputs, and Artist Rules",,,,,"August 23, 2023 5:16 PM",,No,,https://www.youtube.com/watch?v=2jM1TanhxTw&type=snipo,,,To Learn,,1,,00:12:34
Rick Rubin: How to Access Your Creativity | Huberman Lab Podcast,,,,,"August 23, 2023 5:40 PM",,No,,https://www.youtube.com/watch?v=ycOBZZeVeAc&type=snipo,,,To Learn,,1,,03:00:38
Tarih ve Tarih Yazımı – Prof. Dr. Ahmet Şimşek | Okan Bayülgen ve Yalın Alpay ile Tekinsiz Masa #2,,,,,"August 28, 2023 11:49 AM",,No,,https://www.youtube.com/watch?v=cd1eDHmay94&type=snipo,,,To Learn,satoshi TV,1,,00:27:59
Tekinsiz Masa,,,,,"August 28, 2023 11:50 AM",,No,,https://www.youtube.com/playlist?list=PLlae_NLnEID8ZBsynbtY-Hoj18leGeWOU&type=snipo,,,To Learn,satoshi TV,4,,01:53:35
PEOPLE BEFORE ADAM,,,,,"August 28, 2023 1:02 PM",,No,,https://www.youtube.com/playlist?list=PLfpRySqe-6fehTTSkPPY8LylfDa7Tsi1J&type=snipo,,,To Learn,,32,,16:52:11
The Insane Economy of The Ottoman Empire,,,,,"August 29, 2023 10:17 AM",,No,,https://www.youtube.com/watch?v=lf99eFh7FXg&type=snipo,,,To Learn,,1,,00:14:52
Pazar Sohbeti 188 - 3 Eylül 2023,,,,,"September 4, 2023 9:51 PM",,No,,https://www.youtube.com/watch?v=L3Ttm0Ch5T8&type=snipo,,,To Learn,Sevan Nisanyan,1,,01:21:05
I learned a system for remembering everything,,,,,"September 5, 2023 12:11 PM",,No,,https://www.youtube.com/watch?v=Rvey9g0VgY0&type=snipo,,,To Learn,,1,,00:10:49
Why 90% of Startup CEOs Are Failing | John Kim Sendbird,,,,,"September 5, 2023 12:29 PM",,No,,https://www.youtube.com/watch?v=aOGMymXPgrk&type=snipo,,,To Learn,,1,,00:08:04
"Capacitor Hardware Design Basics (MLCC) - Phil's Lab ",,,,,"September 5, 2023 3:32 PM",,No,,https://www.youtube.com/watch?v=kUruN6WBgSw&type=snipo,,,To Learn,Phil’s Lab,1,,00:22:48
"PCB Traces 101 - Phil's Lab ",,,,,"September 5, 2023 4:30 PM",,No,,https://www.youtube.com/watch?v=xEVntmYLARw&type=snipo,,,To Learn,Phil’s Lab,1,,00:30:18
(2) What corruption looks like in the West | DW Analysis - YouTube,,,,,"September 6, 2023 12:15 PM",,No,,https://www.youtube.com/watch?v=K-PK08ZUcOQ&type=snipo,,,To Learn,,1,,00:08:53
10 STOIC ADVICE NOT TO WASTE YOUR TIME | SENECA,,,,,"September 6, 2023 12:26 PM",,No,,https://www.youtube.com/watch?v=0YdHLEJ0l50&type=snipo,,,To Learn,,1,,00:02:56
KAFAYI YEDİRTEN FİLOZOF | Friedrich Nietzsche Felsefesi,,,,,"September 6, 2023 3:53 PM",,No,,https://www.youtube.com/watch?v=OpU9wgEa_pA&type=snipo,,,To Learn,Portal,1,,00:15:08
THIS BOOK IS AN INTERVIEW WITH THE DEVIL! (Literally),,,,,"September 6, 2023 4:33 PM",,No,,https://www.youtube.com/watch?v=hdkqV3iKblE&type=snipo,,,To Learn,,1,,00:05:53
Outwitting The Devil Summary (Animated) | Napoleon Hill's Lost Book: Unlock Your 100% Confident Self,,,,,"September 6, 2023 4:39 PM",,No,,https://www.youtube.com/watch?v=7rEwsD3gezA&type=snipo,,,To Learn,,1,,00:07:12
"Andrew Huberman ""Rich People Think Differently""",,,,,"September 8, 2023 9:12 AM",,No,,https://www.youtube.com/watch?v=4bIATTQHooM&type=snipo,,,To Learn,Brain Mindset,1,,00:12:12
Değiştirilmiş Kutsal Kitap  Kuran,,,,,"September 9, 2023 10:53 PM",,No,,https://www.youtube.com/watch?v=thAMrKG93QQ&type=snipo,,,To Learn,Düşünen Hayvan,1,,00:13:30
The great recycling LIE (what really happens to plastic),,,,,"September 9, 2023 10:57 PM",,No,,https://www.youtube.com/watch?v=3R7XAeWCNqI&type=snipo,,,To Learn,Abundantia,1,,00:10:44
Balaji Srinivasan Explains China's History in 8 Minutes (HUGE PLOT TWIST AT THE END) | The Quest Pod,,,balaji srinivasan (https://www.notion.so/balaji-srinivasan-97364f23f0c64d998899cdc7b3123abf?pvs=21),,"September 9, 2023 11:01 PM",,No,,https://www.youtube.com/watch?v=JzLEijoskKg&type=snipo,,,To Learn,Fractal Radio,1,,00:08:28
How to expand your baby’s potential with education from birth  | Zahra Kassam | TEDxManhattanBeach,,,,,"September 9, 2023 11:14 PM",,No,,https://www.youtube.com/watch?v=oXYre2T3p_k&type=snipo,,,To Learn,TEDx Talks,1,,00:10:10
Geçmişten günümüze bilim tarihi / Prof. Dr. Celal Şengör - Fatih Altaylı & Teke Tek Bilim / 1. Bölüm,,,,,"September 10, 2023 8:28 AM",,No,,https://www.youtube.com/watch?v=c34kIWMXzak&type=snipo,,,To Learn,Teke Tek Bilim,1,,02:25:11
"Ütopya, Distopya ve Gelecek – Fatma Ayanoğlu  | Okan Bayülgen ve Yalın Alpay ile Tekinsiz Masa #5",,,,,"September 10, 2023 9:17 PM",,No,,https://www.youtube.com/watch?v=BATv7kRFBT4&type=snipo,,,To Learn,satoshi TV,1,,00:25:51
Introduction To Philosophy: My Five Favorites,,,Friedrich Nietzsche (https://www.notion.so/Friedrich-Nietzsche-ab7cb4e39e964b3a8e40e785bc81149f?pvs=21),,"September 10, 2023 10:12 PM",,No,,https://www.youtube.com/watch?v=Y7874g0Lb58&type=snipo,,,To Learn,"Robert Greene ",1,,00:03:35
The Future of The United States: Why Balaji Srinivasan Predicts American Anarchy,,,,,"September 10, 2023 10:15 PM",,No,,https://www.youtube.com/watch?v=WKxB-9TgCNQ&type=snipo,,,To Learn,Tim Ferriss,1,,00:09:50
Program Your Mind While You Sleep | Dr. Bruce Lipton,,,,,"September 10, 2023 10:31 PM",,No,,https://www.youtube.com/watch?v=X_MDb0HzFE0&type=snipo,,,To Learn,Be Inspired,1,,00:05:45
DSG Kavrama Sorunu Nasıl Anlaşılır? İkinci El Araç Alırken DSG Kavrama Nasıl Kontrol Edilir?,,,,,"September 10, 2023 10:38 PM",,No,,https://www.youtube.com/watch?v=URaXPeGXZ6A&type=snipo,,,To Learn,Bahattin AKKAYA,1,,00:08:45
Ozone generator and corona discharge physics,,,,,"September 11, 2023 12:23 PM",,No,,https://www.youtube.com/watch?v=orycFbuxWNs&type=snipo,,,To Learn,Ilusys Systems,1,,00:09:29
belgesel,,,,,"September 11, 2023 12:41 PM",,No,,https://www.youtube.com/playlist?list=PLxAfQOmX-Pm-MH-tWadsiEOA1GXvipkYE&type=snipo,,,To Learn,"3Y1D, Arçelik, Big Think, Fatih Gülgün, SKYDIVEPHIL ",7,,05:01:41
Pazar Sohbeti 189 - 10 Eylül 2023,,,,,"September 11, 2023 2:57 PM",,No,,https://www.youtube.com/watch?v=tWk7hTGfGEQ&type=snipo,,,To Learn,Sevan Nisanyan,1,,01:41:30
Nietzsche'nin Sokrates'e Çekiçle Dalması,,,Friedrich Nietzsche (https://www.notion.so/Friedrich-Nietzsche-ab7cb4e39e964b3a8e40e785bc81149f?pvs=21),,"September 12, 2023 3:34 PM",,No,,https://www.youtube.com/watch?v=ihGHfuyA8vI&type=snipo,,,To Learn,Portal,1,,00:20:11
"Böyle Buyurdu Nietzsche: ""Kaderini Sev!"" Ama Hangi Anlamda?",,,Friedrich Nietzsche (https://www.notion.so/Friedrich-Nietzsche-ab7cb4e39e964b3a8e40e785bc81149f?pvs=21),,"September 12, 2023 3:59 PM",,No,,https://www.youtube.com/watch?v=MXC0_atXgNM&type=snipo,,,To Learn,Pelin Dilara Çolak,1,,00:21:59
BRAIN FOG - How I Cured My Brainfog by Holding My Breath | The Buteyko Method,,,,,"September 12, 2023 11:25 PM",,No,,https://www.youtube.com/watch?v=wjZL0llp5Ac&type=snipo,,,To Learn,The Buteyko Method,1,,00:15:14
"""The Visionary Journey: Unveiling Mark Zuckerberg's Unique Vision""",,,,,"September 13, 2023 10:50 PM",,No,,https://www.youtube.com/watch?v=MtJr7bCAoKw&type=snipo,,,To Learn,Business Info Buzz,1,,00:10:19
SANAT ALANINDA BÜYÜK BİR DEVRİM AN MESELESİ,,,,,"September 13, 2023 11:05 PM",,No,,https://www.youtube.com/watch?v=OYP7gOkih2U&type=snipo,,,To Learn,"Sertaç Aktan ",1,,00:25:24
Andrew Huberman on prayer and faith in God | Lex Fridman Podcast Clips,,,,,"September 14, 2023 9:43 PM",,No,,https://www.youtube.com/watch?v=ivDqfmicrAI&type=snipo,,,To Learn,Lex Clips,1,,00:11:41
Andrew Huberman on Dopamine Levels in People with ADHD,,,,,"September 14, 2023 10:12 PM",,No,,https://www.youtube.com/watch?v=9jTlc3xbUEc&type=snipo,,,To Learn,On the Mind,1,,00:04:21
"""It's Truly Remarkable"" - Dr. Huberman on How Wim Hof Affects Dopamine (https://www.notion.so/Dopamine-a5b9c84af60943ba888098424b14edfa?pvs=21)",,,,,"September 14, 2023 10:19 PM",,No,,https://www.youtube.com/watch?v=fVpcQ5nwUa4&type=snipo,,,To Learn,On the Mind,1,,00:04:08
What is trauma? The author of “The Body Keeps the Score” explains | Bessel van der Kolk (https://www.notion.so/Bessel-van-der-Kolk-7809eb5b2fd54bd285478f7806aeb795?pvs=21)  | Big Think,,,,,"September 14, 2023 10:27 PM",,No,,https://www.youtube.com/watch?v=BJfmfkDQb14&type=snipo,,,To Learn,Big Think,1,,00:07:48
What is Expressionism? Art Movements & Styles,,,,,"September 14, 2023 11:33 PM",,No,,https://www.youtube.com/watch?v=MLhDLL3MjSs&type=snipo,,,To Learn,nationalgalleries,1,,00:04:16
Don Norman Says the Way We Design Today is Wrong!,,,Don Norman (https://www.notion.so/Don-Norman-e607eb20ef374b5fa5ea8693d0fe8785?pvs=21),,"September 14, 2023 11:41 PM",,No,,https://www.youtube.com/watch?v=FMEzKQpTosY&type=snipo,,,To Learn,Interaction Design Foundation – IxDF,1,,00:06:15
Tanrı aslında Evrendir: PANTEİZM,,,,,"September 15, 2023 9:27 PM",,No,,https://www.youtube.com/watch?v=OmhPoH_U25o&type=snipo,,,To Learn,Teolojik Felsefe,1,,00:14:52
HAYAT DERSLERİ (VIII),,,,,"September 15, 2023 10:46 PM",,No,,https://www.youtube.com/watch?v=X6CeSRs_Uto&type=snipo,,,To Learn,Dücane Cündioğlu,1,,01:41:37
Getting Started with Framework Thinking - Frameworks in Books 📚,,,,,"September 16, 2023 11:51 AM",,No,,https://www.youtube.com/watch?v=U5xskQVA-2c&type=snipo,,,To Learn,Vicky Zhao [BEEAMP],1,,00:09:29
How to Think Fast Before You Speak: Framework Thinking,,,,,"September 16, 2023 12:07 PM",,No,,https://www.youtube.com/watch?v=lcyHC9HLTzc&type=snipo,,,To Learn,Vicky Zhao [BEEAMP],1,,00:09:23
Daniel Goleman on Focus: The Secret to High Performance and Fulfilment,,,,,"September 16, 2023 12:12 PM",,No,,https://www.youtube.com/watch?v=HTfYv3IEOqM&type=snipo,,,To Learn,Intelligence Squared,1,,01:18:17
Conceptual Design,,,,,"September 16, 2023 11:42 PM",,No,,https://www.youtube.com/watch?v=nbgn_2vxuJk&type=snipo,,,To Learn,Nonfiction Design,1,,00:08:09
Cumhuriyet’in kurucu aktörleri! / Prof. Dr. Emrah Safa Gürkan - Fatih Altaylı & Teke Tek Bilim,,,Mustafa Kemal Ataturk (https://www.notion.so/Mustafa-Kemal-Ataturk-d7fce08f4d794986bb18e82e992bc338?pvs=21),,"September 17, 2023 8:42 AM",,No,,https://www.youtube.com/watch?v=z9ryBOyW97w&type=snipo,,,To Learn,Teke Tek Bilim,1,,01:52:59
"The Aesthetic Sphere, a Full Guide.",,,Søren Kierkegaard (https://www.notion.so/S-ren-Kierkegaard-c0425cbaf822420da61475ee742b955a?pvs=21),,"September 17, 2023 11:25 AM",,No,,https://www.youtube.com/watch?v=lWtwy-DoPRI&type=snipo,,,To Learn,Sound and Sophia,1,,00:04:03
Kierkegaard Changed my Life...,,,Søren Kierkegaard (https://www.notion.so/S-ren-Kierkegaard-c0425cbaf822420da61475ee742b955a?pvs=21),,"September 17, 2023 11:32 AM",,No,,https://www.youtube.com/watch?v=F_Np1AAfiz8&type=snipo,,,To Learn,Sound and Sophia,1,,00:04:21
İzlemeniz Gereken Kafa Açıcı 15 Felsefi Belgesel,,,,,"September 17, 2023 12:00 PM",,No,,https://www.youtube.com/watch?v=Gf-hKLBMOEw&type=snipo,,,To Learn,Pelin Dilara Çolak,1,,00:14:45
Title Würth Elektronik Webinar: Pushing power performance forward with GaN,,,,,"September 18, 2023 10:35 AM",,No,,https://www.youtube.com/watch?v=RpD_rUAX5Gc&type=snipo,,,To Learn,Würth Elektronik Group,1,,01:02:53
Biz burada ne yaptığımızı bilmiyoruz!,,,,,"September 18, 2023 9:44 PM",,No,,https://www.youtube.com/watch?v=P-7ULD6JsSM&type=snipo,,,To Learn,Bager Akbay,1,,00:50:56
Environmental Science,,,,,"September 18, 2023 10:27 PM",,No,,https://www.youtube.com/playlist?list=PL8dPuuaLjXtOikZljhKAe28AkupJXnS2u&type=snipo,,,To Learn,CrashCourse,21,,04:05:13
(13) The Visionary Genius Hilma af Klint: Explore the Spiritual World of the very first Abstract Artist - YouTube,,,Hilma af klint (https://www.notion.so/Hilma-af-klint-9b61a45501814ebfb7a50436cdaedf7b?pvs=21),,"September 18, 2023 10:59 PM",,No,,https://www.youtube.com/watch?v=6ab_QfeL4u4&type=snipo,,,To Learn,,1,,00:15:56
Hilma af Klint,,,,,"September 18, 2023 11:17 PM",,No,,https://www.youtube.com/watch?v=CHdud9km7bQ&type=snipo,,,To Learn,Guggenheim Museum,1,,00:06:59
Fatih Altaylı ile Pazar Sohbeti: Bir centilmen nasıl giyinmeli? / Faruk Süren,,,,,"September 19, 2023 11:21 AM",,No,,https://www.youtube.com/watch?v=yyLuy6GdH8E&type=snipo,,,To Learn,Fatih Altaylı,1,,01:19:01
Know the Artist: Hilma af Klint,,,,,"September 20, 2023 9:13 PM",,No,,https://www.youtube.com/watch?v=pMTiKeG6JUE&type=snipo,,,To Learn,The Art Tourist,1,,00:07:37
Fatih Altaylı yorumluyor: CHP'nin içinde ajanlar var!,,,,,"September 21, 2023 10:52 AM",,No,,https://www.youtube.com/watch?v=TZBILBDjKEs&type=snipo,,,To Learn,Fatih Altaylı,1,,00:43:36
"""İSLAM CUMHURİYETİ""NDEN ""LAİK CUMHURİYET""E",,,,,"September 21, 2023 11:13 AM",,No,,https://www.youtube.com/watch?v=GjfVD4mkZMk&type=snipo,,,To Learn,Dücane Cündioğlu,1,,02:19:58
Why do some artists become famous? | Albert-László Barabási,,,,,"September 21, 2023 2:18 PM",,No,,https://www.youtube.com/watch?v=RgZ1X4Dok3Y&type=snipo,,,To Learn,Big Think,1,,00:06:27
"""Apolitik Düşünme"" (Hasbi Tefekkür) Masalı",,,,,"September 22, 2023 10:53 AM",,No,,https://www.youtube.com/watch?v=l3vhnS7Q-X0&type=snipo,,,To Learn,Dücane Cündioğlu,1,,02:32:44
Besim Dellaloğlu'yla: Türkiye'de Çağdaşlaşma Sorunu,,,,,"September 22, 2023 1:35 PM",,No,,https://www.youtube.com/watch?v=7F_wAgkRGY4&type=snipo,,,To Learn,Dücane Cündioğlu,1,,02:17:20
Türkiye'de deizm ne kadar yaygın? | Nedir Ne Değildir?,,,,,"September 22, 2023 7:35 PM",,No,,https://www.youtube.com/watch?v=kXnVH-b3ybg&type=snipo,,,To Learn,Habertürk TV,1,,04:06:13
"Come and explore 'Hilma af Klint and Piet Mondrian: Forms of Life' at Tate Modern, London!",,,"Hilma af klint (https://www.notion.so/Hilma-af-klint-9b61a45501814ebfb7a50436cdaedf7b?pvs=21), piet mondrian (https://www.notion.so/piet-mondrian-2a1645b82f434a8b87fa96445773a29f?pvs=21)",,"September 22, 2023 8:25 PM",,No,,https://www.youtube.com/watch?v=gHKrCFG4Jz4&type=snipo,,,To Learn,Art Vlog,1,,00:19:54
Rahmi Ödül - İmgenin Kuvveti,,,Rahmi Ödül (https://www.notion.so/Rahmi-d-l-56ec00a91486422c840798a1915419eb?pvs=21),,"September 22, 2023 9:01 PM",,No,,https://www.youtube.com/playlist?list=PLQ9c_BiAF36Ceez4OmIsmw7fHQ6t3D1NE&type=snipo,,,To Learn,İMALAT-HANE,4,,05:25:25
Gilles Deleuze - Zeynep Direk İle Felsefe Vakti - Türkçe,,,,,"September 23, 2023 8:13 PM",,No,,https://www.youtube.com/watch?v=6ZlwVQcr88A&type=snipo,,,To Learn,PANDORA - FELSEFE,1,,00:27:44
Din nedir? / Prof. Dr. Ahmet Arslan - Fatih Altaylı & Teke Tek Bilim,,,ahmet arslan (https://www.notion.so/ahmet-arslan-fbfed42a3a7648539ec2fafdb45b2c35?pvs=21),,"September 24, 2023 10:59 AM",,No,,https://www.youtube.com/watch?v=ZSAlLBDSfc4&type=snipo,,,To Learn,Teke Tek Bilim,1,,02:36:01
"Sanat B2 - DOĞAYI PARÇALA, İÇİNİ HAYKIR",,,,,"September 24, 2023 6:45 PM",,No,,https://www.youtube.com/watch?v=1_sEKguwhAw&type=snipo,,,To Learn,"Sertaç Aktan ",1,,00:25:01
What is Soft switching | Hard Switching Vs Soft switching | ZVS | ZCS,,,,,"September 25, 2023 11:20 AM",,No,,https://www.youtube.com/watch?v=uNUB9RXFM6Y&type=snipo,,,To Learn,Foolish Engineer,1,,00:08:25
İnsan mikrokaostur | Rahmi Öğdül’le Felsefe ve Sanat,,,,,"September 26, 2023 3:39 PM",,No,,https://www.youtube.com/watch?v=suSmQK-OLXY&type=snipo,,,To Learn,BirGün TV,1,,00:18:20
How Sweden Is Becoming Insanely Rich,,,,,"September 30, 2023 7:22 PM",,No,,https://www.youtube.com/watch?v=zjB1KNgYj6g&type=snipo,,,To Learn,fern,1,,00:12:28
Startup Nasıl Kuruldu: Wikipedia,,,,,"October 1, 2023 12:37 AM",,No,,https://www.youtube.com/watch?v=28SZqmfLUV0&type=snipo,,,To Learn,Selman Kahya,1,,00:15:12
İslam'da rönesans / Prof. Dr. İlber Ortaylı - Fatih Altaylı & Teke Tek Bilim,,,,,"October 1, 2023 9:11 AM",,No,,https://www.youtube.com/watch?v=2c4NarhVpPY&type=snipo,,,To Learn,Teke Tek Bilim,1,,01:42:44
One Hour of Mind-Blowing Scientific Theories on Conscious Universe,,,,,"October 1, 2023 10:59 PM",,No,,https://www.youtube.com/watch?v=BC9hWm4nZGw&type=snipo,,,To Learn,Big Scientific Questions,1,,01:12:39
One Hour Of Mind-Blowing Mysteries Of The Atom | Full Documentary,,,,,"October 1, 2023 11:37 PM",,No,,https://www.youtube.com/watch?v=ajlUCFZ1Ft8&type=snipo,,,To Learn,Big Scientific Questions,1,,01:01:06
Does Every Black Hole Contain a New Universe?,,,,,"October 1, 2023 11:42 PM",,No,,https://www.youtube.com/watch?v=NZFgiZ6dzhw&type=snipo,,,To Learn,Big Scientific Questions,1,,00:12:02
How Physicists Proved The Universe Isn't Locally Real - Nobel Prize in Physics 2022 EXPLAINED,,,,,"October 2, 2023 12:01 AM",,No,,https://www.youtube.com/watch?v=txlCvCSefYQ&type=snipo,,,To Learn,Dr Ben Miles,1,,00:12:47
Thermal PCB Design Tips - Phil's Lab #93,,,,,"October 2, 2023 2:37 PM",,No,,https://www.youtube.com/watch?v=8v-wC5cM_Yk&type=snipo,,,To Learn,Phil’s Lab,1,,00:21:13
Modernizm Nedir ? Modern Sanat Akımları Nelerdir ?,,,,,"October 3, 2023 9:55 PM",,No,,https://www.youtube.com/watch?v=Cw3dpOxDWog&type=snipo,,,To Learn,Creative Classic,1,,00:06:11
Pazar Sohbeti 192 - 1 Ekim 2023,,,,,"October 4, 2023 12:01 PM",,No,,https://www.youtube.com/watch?v=zFYKwb061H4&type=snipo,,,To Learn,Sevan Nisanyan,1,,01:31:50
"Osman Hamdi mi, Picasso mu? (MODERN SANAT AKIMLARI HAKKINDA HER ŞEY)",,,,,"October 4, 2023 12:11 PM",,No,,https://www.youtube.com/watch?v=pX-XaMHcgs8&type=snipo,,,To Learn,GZT,1,,00:05:03
TARİHTEKİ SANAT AKIMLARI - BÖLÜM 2 - Rönesans ve Sonrası,,,,,"October 5, 2023 8:05 PM",,No,,https://www.youtube.com/watch?v=_Iu09bizjOo&type=snipo,,,To Learn,Ece Gurler Art Türkiye,1,,00:28:36
You Should Read These 12 Books Every Year,,,,,"October 5, 2023 8:33 PM",,No,,https://www.youtube.com/watch?v=tlpGzAzwAZY&type=snipo,,,To Learn,Anthony Vicino,1,,00:17:59
Pocket Notebooks Can Save Your Mind,,,,,"October 6, 2023 11:43 PM",,No,,https://www.youtube.com/watch?v=f_MddQW3U5E&type=snipo,,,To Learn,ParkNotes,1,,00:11:50
MORNING PAGES! - the BENEFITS and HOW!,,,,,"October 7, 2023 12:17 AM",,No,,https://www.youtube.com/watch?v=22vd7lYhqA8&type=snipo,,,To Learn,Morning Pages & More!,1,,00:06:48
How To Take Effective Notes When Reading,,,,,"October 7, 2023 12:42 AM",,No,,https://www.youtube.com/watch?v=kTdX-Ua0BAM&type=snipo,,,To Learn,Aun Abdi,1,,00:05:26
Pazar Sohbeti 193 - 8 Ekim 2023,,,,,"October 9, 2023 12:07 PM",,No,,https://www.youtube.com/watch?v=61_Buqx5oWk&type=snipo,,,To Learn,Sevan Nisanyan,1,,00:23:38
"Fatih Altaylı yorumluyor: İsrail, Filistin ve Hamas?",,,,,"October 9, 2023 6:38 PM",,No,,https://www.youtube.com/watch?v=5k_MHUMr58E&type=snipo,,,To Learn,Fatih Altaylı,1,,00:55:25
Akıl ve Din Semineri - Sevan Nişanyan & Elif Ledrön - 2. gün 2. bölüm,,,,,"October 9, 2023 8:56 PM",,No,,https://www.youtube.com/watch?v=QDORTuZvNh8&type=snipo,,,To Learn,Sevan Nisanyan,1,,01:27:57
Akıl ve Din semineri - Sevan Nişanyan - 4. gün 1. bölüm,,,,,"October 9, 2023 8:57 PM",,No,,https://www.youtube.com/watch?v=6DTj657M06g&type=snipo,,,To Learn,Sevan Nisanyan,1,,01:17:12
SANAT B3 - MEDENİYETİN HAYAT DAMARI,,,,,"October 10, 2023 9:36 AM",,No,,https://www.youtube.com/watch?v=sniHu3iWJDI&type=snipo,,,To Learn,"Sertaç Aktan ",1,,00:19:20
An intuitive introduction to Phase Shift Full Bridge (PSFB) converters,,,,,"October 10, 2023 2:13 PM",,No,,https://www.youtube.com/watch?v=UVw-9NMtWZI&type=snipo,,,To Learn,Sam Ben-Yaakov,1,,00:14:21
"Sevan Nişanyan ile İslâm, alkol ve ateizm üzerine",,,,,"October 10, 2023 9:04 PM",,No,,https://www.youtube.com/watch?v=IpbqOKABa5E&type=snipo,,,To Learn,Mercek Altı,1,,00:49:20
How to Double Your Time In a Day - 6 Secret Stoic Principles For  Time Management,,,,,"October 11, 2023 12:22 PM",,No,,https://www.youtube.com/watch?v=RXtmDwQ9ipc&type=snipo,,,To Learn,The Stoicism Master,1,,00:07:38
How Did Sweden Become So Insanely Rich? What’s Their Secret?,,,,,"October 11, 2023 9:43 PM",,No,,https://www.youtube.com/watch?v=mwj1S6HCd5s&type=snipo,,,To Learn,Beyond Business,1,,00:12:49
Why Are The Nordics So Rich?,,,,,"October 11, 2023 10:05 PM",,No,,https://www.youtube.com/watch?v=bnop_-okQyU&type=snipo,,,To Learn,Edutainment Edge,1,,00:02:37
Filistin - İsrail Savaşının Kökeni | Pelin Batu ile Her Şeyin Kökeni,,,,,"October 12, 2023 9:59 PM",,No,,https://www.youtube.com/watch?v=gndgyCum8Fo&type=snipo,,,To Learn,Sapien,1,,00:19:22
İsrail Devleti Nasıl Kuruldu? || İsrail-Filistin Savaşı,,,,,"October 12, 2023 10:20 PM",,No,,https://www.youtube.com/watch?v=dfUXw1O1uq4&type=snipo,,,To Learn,DFT Tarih,1,,00:14:37
"MEZOPOTAMYA'DA TEO-POLİTİK SAVAŞLAR: HAMAS, İSRAİL, ABD",,,,,"October 12, 2023 10:26 PM",,No,,https://www.youtube.com/watch?v=KupqNyuWZnc&type=snipo,,,To Learn,Dücane Cündioğlu,1,,02:45:30
"Hamas saldırısında TİP'in aldığı tavır? Barış Atay, Fatih Altaylı'nın sorularını yanıtladı",,,,,"October 14, 2023 1:41 PM",,No,,https://www.youtube.com/watch?v=z4ydMmU1XwU&type=snipo,,,To Learn,Fatih Altaylı,1,,01:12:43
Cesur Yeni Dünya,,,,,"October 15, 2023 2:29 PM",,No,,https://www.youtube.com/watch?v=LW-myQJceTE&type=snipo,,,To Learn,Barış Özcan,1,,00:12:59
Pazar Sohbeti 194 - 15 Ekim 2023,,,,,"October 16, 2023 10:49 AM",,No,,https://www.youtube.com/watch?v=gfxih9Lnz_4&type=snipo,,,To Learn,Sevan Nisanyan,1,,01:49:35
NEUROSCIENTIST: FITNESS Industry LIED To You | Andrew Huberman,,,,,"October 16, 2023 12:18 PM",,No,,https://www.youtube.com/watch?v=0iPUGsIDB88&type=snipo,,,To Learn,Neuro Lifestyle,1,,00:04:46
Whats 'The Secret' Behind ADHD Success?🔑,,,,,"October 16, 2023 12:24 PM",,No,,https://www.youtube.com/watch?v=659SlBi12yQ&type=snipo,,,To Learn,ADHDVision,1,,00:10:10
Circular Economy,,,,,"October 16, 2023 10:38 PM",,No,,https://www.youtube.com/watch?v=5hhxQZyoXLs&type=snipo,,,To Learn,Nonfiction Design,1,,00:07:52
"Are ""fair phones"" really fair?",,,,,"October 16, 2023 10:49 PM",,No,,https://www.youtube.com/watch?v=lU4vv7qCQvg&type=snipo,,,To Learn,TechAltar,1,,00:20:56
How porn f*cked our minds | Louise Perry,,,,,"October 16, 2023 11:16 PM",,No,,https://www.youtube.com/watch?v=mhgNz_XuAus&type=snipo,,,To Learn,Big Think,1,,00:05:59
Power Electronics -Inductors,,,,,"October 19, 2023 4:08 PM",,No,,https://www.youtube.com/watch?v=S-0Vaa3725s&type=snipo,,,To Learn,Power Electronics,1,,00:23:58
Filozoflar İsrail-Filistin Savaşını Nasıl Yorumluyor? Zizek & Butler,,,,,"October 22, 2023 9:48 PM",,No,,https://www.youtube.com/watch?v=H_GRbNJQ5Mk&type=snipo,,,To Learn,Pelin Dilara Çolak,1,,00:33:51
Analyze Art with Colour Theory (Beginner),,,,,"October 22, 2023 10:22 PM",,No,,https://www.youtube.com/watch?v=pW-DTHCWXT4&type=snipo,,,To Learn,Lets Learn About Art,1,,00:06:37
How to Analyze Art (Composition),,,,,"October 22, 2023 10:47 PM",,No,,https://www.youtube.com/watch?v=qx08Ms1_sX4&type=snipo,,,To Learn,Lets Learn About Art,1,,00:08:19
Pazar Sohbeti 195 - 22 Ekim 2023,,,,,"October 25, 2023 9:34 PM",,No,,https://www.youtube.com/watch?v=bupAFhJHs4o&type=snipo,,,To Learn,Sevan Nisanyan,1,,01:56:40
Cumhuriyet felsefesi nasıl doğdu? Prof. Dr. Ahmet Arslan & Fatih Altaylı,,,,,"October 26, 2023 11:45 AM",,No,,https://www.youtube.com/watch?v=xuA0w2s8310&type=snipo,,,To Learn,Fatih Altaylı,1,,01:38:10
Everything I Learned From Reading (and Summarizing) 100+ Books,,,,,"October 26, 2023 12:03 PM",,No,,https://www.youtube.com/watch?v=Y1XCtpo0Ozk&type=snipo,,,To Learn,Ethan Schwandt,1,,00:10:50
Didik Didik Freud,,,,,"October 27, 2023 10:44 PM",,No,,https://www.youtube.com/playlist?list=PL3Xfffy9rs6koO6gm5LTi5dZw-08V-vC3&type=snipo,,,To Learn,Açık Radyo,19,,16:22:18
Britain's Most Famous Philosopher on Zionism,,,,,"October 30, 2023 11:39 AM",,No,,https://www.youtube.com/watch?v=egfCTz-ZuZU&type=snipo,,,To Learn,Blogging Theology,1,,00:12:06
5 Life Changing Journaling Habits from the Stoics,,,,,"November 1, 2023 10:24 PM",,No,,https://www.youtube.com/watch?v=c20j229cDGg&type=snipo,,,To Learn,Daily Stoic,1,,00:09:36
Change Your Life by Journaling (My Ultimate Guide),,,,,"November 1, 2023 10:32 PM",,No,,https://www.youtube.com/watch?v=E8vwGLMTx5I&type=snipo,,,To Learn,Ali Abdaal,1,,00:16:03
NURİ BİLGE CEYLAN SİNEMASI ve KURU OTLAR ÜSTÜNE | Objet a — Yalın Alpay | B03,,,,,"November 5, 2023 9:00 AM",,No,,https://www.youtube.com/watch?v=uMMWdkXvbEQ&type=snipo,,,To Learn,AVANGART,1,,00:47:16
Önemli olan yaşamak değil; iyi yaşamaktır! Üç Usta Anlatıyor...,,,,,"November 5, 2023 5:08 PM",,No,,https://www.youtube.com/watch?v=r4VYW8NbolI&type=snipo,,,To Learn,Pelin Dilara Çolak,1,,00:16:42
Proclus' Henads and the problem of many gods,,,,,"November 6, 2023 10:30 AM",,No,,https://www.youtube.com/watch?v=MWwia6UgQUc&type=snipo,,,To Learn,Joseph T,1,,00:14:43
Neden Artık Stoacı Değilim? Seneca'nın Tanrısal Öngörü Yanılgısı,,,,,"November 8, 2023 3:45 PM",,No,,https://www.youtube.com/watch?v=OIzdDhf7zOU&type=snipo,,,To Learn,Pelin Dilara Çolak,1,,00:24:30
Why you can’t articulate like you think,,,,,"November 9, 2023 3:33 PM",,No,,https://www.youtube.com/watch?v=TGulVSE_5FY&type=snipo,,,To Learn,Joseph Tsar,1,,00:11:05
How to Choose Colors (Easy 3-Step Process),,,,,"November 9, 2023 3:42 PM",,No,,https://www.youtube.com/watch?v=KMS3VwGh3HY&type=snipo,,,To Learn,Flux Academy,1,,00:06:57
American Big Tech Has Enslaved Us | Aaron Bastani Meets Yanis Varoufakis,,,Yanis Varoufakis (https://www.notion.so/Yanis-Varoufakis-f93180f66725493ba4d44e4eee5dc9d5?pvs=21),,"November 10, 2023 9:36 PM",,No,,https://www.youtube.com/watch?v=VatYrw0uqjU&type=snipo,,,To Learn,Novara Media,1,,00:57:37
Pazar Sohbeti 198 - 12 Kasım 2023,,,,,"November 12, 2023 10:35 PM",,No,,https://www.youtube.com/watch?v=UqUQGi9bXZw&type=snipo,,,To Learn,Sevan Nisanyan,1,,01:33:45
Who Wrote the Qur'an | What Sources Were Used?,,,,,"November 12, 2023 11:00 PM",,No,,https://www.youtube.com/watch?v=-SGzYrGzBlA&type=snipo,,,To Learn,UsefulCharts,1,,00:21:32
How Autonomy Saved One of Spotify’s Most Loved Features • Joakim Sunden • GOTO 2022,,,,,"November 16, 2023 12:22 PM",,No,,https://www.youtube.com/watch?v=xICfIyEMD7E&type=snipo,,,To Learn,GOTO Conferences,1,,00:43:04
Star Wars - Faşizmin Yolu,,,,,"November 17, 2023 9:46 PM",,No,,https://www.youtube.com/watch?v=IqcHSk__awc&type=snipo,,,To Learn,ERLİK,1,,00:30:57
Jahrein Vs Davut Dağ Sohbeti,,,,,"November 17, 2023 11:02 PM",,No,,https://www.youtube.com/watch?v=Ptt5zeBUoJo&type=snipo,,,To Learn,Efe Aydal,1,,00:27:40
ROK Dinlemek - Aydaki Adam: İlker Canikligil & Rasim Ozan Kütahyalı - B70,,,,,"November 18, 2023 8:27 PM",,No,,https://www.youtube.com/watch?v=LCKbjtLtDvw&type=snipo,,,To Learn,FluTV,1,,01:36:05
FELSEFE SÖZLÜĞÜ: Nefs-Ruh (1),,,,,"November 19, 2023 10:51 PM",,No,,https://www.youtube.com/watch?v=WsfVKxbZGbU&type=snipo,,,To Learn,Dücane Cündioğlu,1,,01:21:29
From Robber Barons to Bezos: Is History Repeating Itself? | Robert Reich,,,,,"November 20, 2023 11:18 PM",,No,,https://www.youtube.com/watch?v=Nmq7QqqY4vo&type=snipo,,,To Learn,Robert Reich,1,,00:06:11
FELSEFE SÖZLÜĞÜ: Suret-Şekil (2),,,,,"November 21, 2023 2:00 PM",,No,,https://www.youtube.com/watch?v=g-Vv4r_nl5A&type=snipo,,,To Learn,Dücane Cündioğlu,1,,01:23:52
Catherine Mohr yeşili inşa ediyor,,,,,"November 21, 2023 2:48 PM",,No,,https://www.youtube.com/watch?v=xP4w2DMscGw&type=snipo,,,To Learn,TED,1,,00:08:45
Kuşkonmaz Yatırımında Gözden Kaçan Gerçekler,,,,,"November 22, 2023 9:17 PM",,No,,https://www.youtube.com/watch?v=AQypPRi6L_0&type=snipo,,,To Learn,Fatih Güner,1,,02:01:06
"İnanç ve Bilgi İlişkisi/İlişkisizliği - Prof.Dr. Mustafa Öztürk, Prof.Dr. Ergi Deniz Özsoy",,,,,"November 22, 2023 11:16 PM",,No,,https://www.youtube.com/watch?v=Vqtgw9iz1ZA&type=snipo,,,To Learn,ankara us atölyesi,1,,01:53:04
Sevan Nişanyan - Türkçenin Tarihi I,,,,,"November 24, 2023 9:54 AM",,No,,https://www.youtube.com/watch?v=GnkWbjghC04&type=snipo,,,To Learn,Arche Projesi,1,,02:07:36
Why Did Carl Jung Compare Hitler To Muhammad?,,,Carl Gustav Jung (https://www.notion.so/Carl-Gustav-Jung-93db9425d9104bd0ab78add30b874d52?pvs=21),,"November 24, 2023 11:28 AM",,No,,https://www.youtube.com/watch?v=BzlESr-2cZ4&type=snipo,,,To Learn,Apostate Prophet,1,,00:11:24
Şair Filozof Peygamber,,,,,"November 25, 2023 9:17 PM",,No,,https://www.youtube.com/watch?v=YBzTlbXuyfM&type=snipo,,,To Learn,Dücane Cündioğlu,1,,02:08:37
Why the World Needs Creator Anthropologists,,,,,"November 29, 2023 11:12 AM",,No,,https://www.youtube.com/watch?v=z5ypNTgKL0M&type=snipo,,,To Learn,Matt Artz,1,,00:06:40
"""Her İnsan Özünde Irkçıdır"" | Sevan Nişanyan ile Sohbet",,,,,"November 30, 2023 2:34 PM",,No,,https://www.youtube.com/watch?v=2D7-QK8PxPU&type=snipo,,,To Learn,bahatrix,1,,00:59:18
Uygarlığın Kökeni » Muazzez İlmiye Çığ ile Sümer'e Yolculuk 1. Bölüm,,,,,"December 2, 2023 10:05 PM",,No,,https://www.youtube.com/watch?v=YRw229-5aOA&type=snipo,,,To Learn,Serkan Koç / Kam Film,1,,00:18:19
Sümer'de Ekonomi » Muazzez İlmiye Çığ ile Sümer'e Yolculuk 2. Bölüm,,,,,"December 2, 2023 10:31 PM",,No,,https://www.youtube.com/watch?v=k42Rh5Hv0uA&type=snipo,,,To Learn,Serkan Koç / Kam Film,1,,00:10:58
Sümer'de Kadın ve Aşk » Muazzez İlmiye Çığ ile Sümer'e Yolculuk 3. Bölüm,,,,,"December 2, 2023 10:33 PM",,No,,https://www.youtube.com/watch?v=Ql9xvCmrXss&type=snipo,,,To Learn,Serkan Koç / Kam Film,1,,00:14:20
Sümer'de Eğitim ve Bilim » Muazzez İlmiye Çığ ile Sümer'e Yolculuk 4. Bölüm,,,,,"December 2, 2023 11:00 PM",,No,,https://www.youtube.com/watch?v=Jse3dDwGgvI&type=snipo,,,To Learn,Serkan Koç / Kam Film,1,,00:13:17
Building the Future - Paola Antonelli | Oral History Programme,,,"Norman Foster, Baron Foster of Thames Bank - Wikipedia (https://www.notion.so/Norman-Foster-Baron-Foster-of-Thames-Bank-Wikipedia-ac0f0fa9b4134a65af9c5188ce3490a0?pvs=21)",,"December 4, 2023 12:44 PM",,No,,https://www.youtube.com/watch?v=qUWqvS4yt4M&type=snipo,,,To Learn,Norman Foster Foundation,1,,00:06:16
Paola Antonelli tasarımı sanat olarak görüyor,,,,,"December 4, 2023 12:48 PM",,No,,https://www.youtube.com/watch?v=-bdf1NnDZ8M&type=snipo,,,To Learn,TED,1,,00:18:11
"Design & Violence - The Lethal Power - Paola Antonelli (Senior Curator, MoMA) ",,,,,"December 4, 2023 12:52 PM",,No,,https://www.youtube.com/watch?v=RK6lIO3KiPg&type=snipo,,,To Learn,Tech Open Air,1,,00:20:26
Pazar Sohbeti 201 - 3 Aralık 2023,,,,,"December 5, 2023 5:30 PM",,No,,https://www.youtube.com/watch?v=IFoUfbjewLE&type=snipo,,,To Learn,Sevan Nisanyan,1,,01:48:05
Sex hala mı sells?,,,,,"December 6, 2023 2:48 PM",,No,,https://www.youtube.com/watch?v=EgYl1Pyn4C4&type=snipo,,,To Learn,ERLİK,1,,00:15:01
"Siyaset, Din ve Felsefe",,,,,"December 6, 2023 2:54 PM",,No,,https://www.youtube.com/watch?v=Rz8feayvxjE&type=snipo,,,To Learn,Dücane Cündioğlu,1,,02:48:20
The evidence we are living in a Simulation is everywhere. All you have to do is look.,,,,,"December 7, 2023 10:40 PM",,No,,https://www.youtube.com/watch?v=4wMhXxZ1zNM&type=snipo,,,To Learn,The Why Files,1,,00:22:53
Cemalettin Taşçı - Sevan Nişanyan,,,,,"December 9, 2023 10:39 AM",,No,,https://www.youtube.com/watch?v=65xsYsfmqgo&type=snipo,,,To Learn,Sevan Nisanyan,1,,01:37:18
Pazar Sohbeti 202 - 10 Aralık 2023,,,,,"December 11, 2023 3:28 PM",,No,,https://www.youtube.com/watch?v=BNQ-EUu8oNo&type=snipo,,,To Learn,Sevan Nisanyan,1,,01:26:45
It's All FAKE | The Dead Internet Theory,,,,,"December 12, 2023 1:18 AM",,No,,https://www.youtube.com/watch?v=mlR9fCXfWyM&type=snipo,,,To Learn,The Why Files,1,,00:13:06
All religions explained in 10 minutes,,,,,"December 16, 2023 10:39 PM",,No,,https://www.youtube.com/watch?v=FTDXlIw8i20&type=snipo,,,To Learn,Redeemed Zoomer,1,,00:09:24
Go Programming – Golang Course with Bonus Projects,,,,,"December 19, 2023 3:49 PM",,No,,https://www.youtube.com/watch?v=un6ZyFkqFKo&type=snipo,,,To Learn,freeCodeCamp.org,1,,09:32:46
Pazar Sohbeti 203 - 17 Aralık 2023,,,,,"December 22, 2023 9:28 AM",,No,,https://www.youtube.com/watch?v=-aBAmKjkqEA&type=snipo,,,To Learn,Sevan Nisanyan,1,,01:43:45
Pazar Sohbeti 205 - 31 Aralık 2023,,,,,"January 2, 2024 11:50 AM",,No,,https://www.youtube.com/watch?v=1mUulmDNqMk&type=snipo,,,To Learn,Sevan Nisanyan,1,,02:04:28
INGMAR BERGMAN / PERSONA / Film Okuması,,,,,"January 3, 2024 12:07 AM",,No,,https://www.youtube.com/watch?v=gWdZA_0HviM&type=snipo,,,To Learn,Tufan Simsekcan,1,,00:10:25
Ingmar Bergman's Persona -- What Makes This Movie Great? (Episode 111),,,,,"January 3, 2024 5:27 PM",,No,,https://www.youtube.com/watch?v=dV527XJwjDE&type=snipo,,,To Learn,Learning about Movies,1,,00:15:40
Dünyayı Nasıl Bir Gelecek Bekliyor?,,,,,"January 3, 2024 9:59 PM",,No,,https://www.youtube.com/watch?v=O01zEAT1JSc&type=snipo,,,To Learn,Dücane Cündioğlu,1,,02:05:14
Okan Bayülgen ile Uykusuzlar Kulübü | 22 Aralık 2023,,,,,"January 3, 2024 10:11 PM",,No,,https://www.youtube.com/watch?v=70tJ9mLPkd0&type=snipo,,,To Learn,TV100 Okan Bayülgen İle Uykusuzlar Kulübü,1,,01:18:25
Cemaatler Ülkesi - Aydaki Adam: İlker Canikligil - Etyen Mahçupyan - B73,,,,,"January 6, 2024 10:23 AM",,No,,https://www.youtube.com/watch?v=j-WxMvxbzFA&type=snipo,,,To Learn,FluTV,1,,01:26:27
Pazar Sohbeti 206 - 7 Ocak 2024,,,,,"January 7, 2024 11:41 PM",,No,,https://www.youtube.com/watch?v=lfHwb8mEPjE&type=snipo,,,To Learn,Sevan Nisanyan,1,,01:24:22
How to estimate risk for a medical device according to ISO 14971:2019,,,,,"January 8, 2024 1:46 PM",,No,,https://www.youtube.com/watch?v=a-vN2_mn3zY&type=snipo,,,To Learn,Medical Device HQ,1,,00:15:21
Medical device software risk management and IEC 62304 terminology,"How to develop medical Software (https://www.notion.so/How-to-develop-medical-Software-ee48bd65dbca4e6586afc58e3b4b6980?pvs=21), Risk Management of Medical Device (https://www.notion.so/Risk-Management-of-Medical-Device-b0a9b3980f854f86a54bde12e4364351?pvs=21)",,,,"January 8, 2024 2:11 PM",,No,,https://www.youtube.com/watch?v=-MoG7TFJBdI&type=snipo,,,To Learn,Medical Device HQ,1,,00:12:24
Medical Device HQ - Electrical Medical Devices,,,,,"January 8, 2024 2:15 PM",,No,,https://www.youtube.com/playlist?list=PLHbDOHytLFxHWiedphkRR1eMXjbLhnd8E&type=snipo,,,To Learn,Medical Device HQ,6,,00:49:47
510(k) Project Management - Updated for 2021,,,,,"January 8, 2024 3:10 PM",,No,,https://www.youtube.com/watch?v=J5pXWPSu5x0&type=snipo,,,To Learn,Medical Device Academy,1,,01:33:58
Günlerdir konuşulan Epstein listeleri neden şimdi açıklandı?  | Mossad ile bağlantıları neler?,,,,,"January 9, 2024 10:14 AM",,No,,https://www.youtube.com/watch?v=BTrUfvu7J0g&type=snipo,,,To Learn,Anadolu Ajansı,1,,00:08:34
Firmware for smart medical devices,,,,,"January 9, 2024 11:12 AM",,No,,https://www.youtube.com/watch?v=t98IRGcWjag&type=snipo,,,To Learn,Flex,1,,00:26:52
1-14-21 Lunch and Learn - Best Practices in Medical Device Software and Firmware Design,How to develop medical Software (https://www.notion.so/How-to-develop-medical-Software-ee48bd65dbca4e6586afc58e3b4b6980?pvs=21),,,,"January 9, 2024 12:03 PM",,No,,https://www.youtube.com/watch?v=Aente3i-HNA&type=snipo,,,To Learn,Oregon Bioscience Incubator,1,,00:56:20
Design for MEDICAL devices - tips PRODUCT DESIGNERS must know | Serious Engineering - Ep20,,,,,"January 9, 2024 5:04 PM",,No,,https://www.youtube.com/watch?v=r-PsBBJKAJM&type=snipo,,,To Learn,Star Rapid,1,,00:08:29
Medical Device Software Development Short Course,How to develop medical Software (https://www.notion.so/How-to-develop-medical-Software-ee48bd65dbca4e6586afc58e3b4b6980?pvs=21),,,,"January 10, 2024 10:31 AM",,No,,https://www.youtube.com/watch?v=KJoZ_5mYaXU&type=snipo,,,To Learn,Medical Device HQ,1,,00:23:05
FDA Finally Released the 2023 Cybersecurity Final Guidance Document,,,,,"January 10, 2024 1:19 PM",,No,,https://www.youtube.com/watch?v=GGT0BvUU9as&type=snipo,,,To Learn,Medical Device Academy,1,,00:07:31
How much does a clinical investigation cost?,,,,,"January 15, 2024 10:07 AM",,No,,https://www.youtube.com/watch?v=pqMXakx-Dp8&type=snipo,,,To Learn,Medical Device HQ,1,,00:06:08
Software Development According to IEC 62304 - A Real-World Perspective - Sharpen Your Skills 2020,How to develop medical Software (https://www.notion.so/How-to-develop-medical-Software-ee48bd65dbca4e6586afc58e3b4b6980?pvs=21),,,,"January 15, 2024 10:24 AM",,No,,https://www.youtube.com/watch?v=5mxS9Av9pyI&type=snipo,,,To Learn,Aligned Elements,1,,00:44:53
Navigating the Design and Manufacturing of Medical Devices in 2021,,,,,"January 15, 2024 10:28 AM",,No,,https://www.youtube.com/watch?v=Dk-NntamCa4&type=snipo,,,To Learn,Cicada Innovations,1,,00:53:27
Portable Medical Devices and Connected Health -- Littelfuse and Mouser Electronics,,,,,"January 15, 2024 11:15 AM",,No,,https://www.youtube.com/watch?v=1wNnWF2ifjc&type=snipo,,,To Learn,EE Journal,1,,00:21:21
How to make code reliable and secure [The MISRA standard and PVS-Studio],,,,,"January 15, 2024 3:19 PM",,No,,https://www.youtube.com/watch?v=01tEjvICh4k&type=snipo,,,To Learn,PVS-Studio,1,,00:09:12
MISRA C 2023 What You Need to Know,,,,,"January 15, 2024 3:32 PM",,No,,https://www.youtube.com/watch?v=R5gUzPYYs1s&type=snipo,,,To Learn,Parasoft,1,,00:51:11
MISRA C/C++,,,,,"January 16, 2024 10:22 AM",,No,,https://www.youtube.com/playlist?list=PLlXBA-Zkgo5Y74N9fgjdHXD2VL4-8hSMc&type=snipo,,,To Learn,BUGSENG,16,,17:16:55
FELSEFE SÖZLÜĞÜ: Buyruk-İtaat (8),,,,,"January 16, 2024 11:49 AM",,No,,https://www.youtube.com/watch?v=cXpizSarvmM&type=snipo,,,To Learn,Dücane Cündioğlu,1,,02:04:05
Risk management for medical devices and ISO 14971 - Online introductory course,Risk Management of Medical Device (https://www.notion.so/Risk-Management-of-Medical-Device-b0a9b3980f854f86a54bde12e4364351?pvs=21),,,,"January 16, 2024 3:18 PM",,No,,https://www.youtube.com/watch?v=y_mD3i8EWnE&type=snipo,,,To Learn,Medical Device HQ,1,,00:17:06
Risk management for medical devices and ISO 14971 - Online introductory course,Risk Management of Medical Device (https://www.notion.so/Risk-Management-of-Medical-Device-b0a9b3980f854f86a54bde12e4364351?pvs=21),,,,"January 16, 2024 3:18 PM",,No,,https://www.youtube.com/watch?v=y_mD3i8EWnE&type=snipo,,,To Learn,Medical Device HQ,1,,00:17:06
How to work with medical device risk management,,,,,"January 16, 2024 3:45 PM",,No,,https://www.youtube.com/watch?v=tBR8gbLFtdk&type=snipo,,,To Learn,Medical Device HQ,1,,00:07:26
ISO 14971 Basic Concepts,Risk Management of Medical Device (https://www.notion.so/Risk-Management-of-Medical-Device-b0a9b3980f854f86a54bde12e4364351?pvs=21),,,,"January 16, 2024 3:53 PM",,No,,https://www.youtube.com/playlist?list=PLVwmUp8-vV5jUzeotO7kR-lDTQ_80i4yl&type=snipo,,,To Learn,Let's Talk Risk!,15,,02:34:04
FreeRTOS,,,,,"January 17, 2024 1:04 PM",,No,,https://www.youtube.com/playlist?list=PLXyB2ILBXW5FLc7j2hLcX6sAGbmH0JxX8&type=snipo,,,To Learn,DigiKey,12,,02:32:20
Pazar Sohbeti 207 - 14 Ocak 2024,,,,,"January 17, 2024 10:38 PM",,No,,https://www.youtube.com/watch?v=N_HQJWMqTZg&type=snipo,,,To Learn,Sevan Nisanyan,1,,01:17:25
ESP32-S3 First Look + Specs!,,,,,"January 18, 2024 1:11 PM",,No,,https://www.youtube.com/watch?v=kQnkE04I2mQ&type=snipo,,,To Learn,Unexpected Maker,1,,00:13:13
tinyML Talks: Unleashing the Power of the New XIAO ESP32S3 Sense: Tackling Anomaly Detection...,,,,,"January 18, 2024 2:11 PM",,No,,https://www.youtube.com/watch?v=KeXlAazzgKw&type=snipo,,,To Learn,tinyML,1,,01:20:54
"EfficientML.ai Lecture, Fall 2023, MIT 6.5940",,,,,"January 18, 2024 2:42 PM",,No,,https://www.youtube.com/playlist?list=PL80kAHvQbh-pT4lCkDT53zT8DKmhE0idB&type=snipo,,,To Learn,MIT HAN Lab,45,,54:02:24
OffensiveCon19 - Sergei Volokitin - Glitch in the Matrix: Exploiting Bitcoin Hardware Wallets,,,,,"January 19, 2024 8:49 AM",,No,,https://www.youtube.com/watch?v=ZCUrm4STreU&type=snipo,,,To Learn,OffensiveCon,1,,00:37:26
Eric X. Li: İki siyasi sistemin hikayesi,,,,,"January 22, 2024 10:43 PM",,No,,https://www.youtube.com/watch?v=s0YjL9rZyR0&type=snipo,,,To Learn,TED,1,,00:20:37
"Turkey, After America || Peter Zeihan",,,,,"January 22, 2024 11:03 PM",,No,,https://www.youtube.com/watch?v=fruhvf_OWA0&type=snipo,,,To Learn,Zeihan on Geopolitics,1,,00:12:58
"The 4 Biggest Threats to the West, According to Historian Ferguson | At Barron's",,,,,"January 22, 2024 11:21 PM",,No,,https://www.youtube.com/watch?v=CN-ngKRDKgw&type=snipo,,,To Learn,Barron's,1,,00:22:48
What is the difference between hazard and risk? | Risk Assessment Training | iHASCO,Risk Management of Medical Device (https://www.notion.so/Risk-Management-of-Medical-Device-b0a9b3980f854f86a54bde12e4364351?pvs=21),,,,"January 24, 2024 2:20 PM",,No,,https://www.youtube.com/watch?v=gR8flHVAWV8&type=snipo,,,To Learn,iHasco,1,,00:01:13
Introduction to Medical Device Regulation,,,,,"January 24, 2024 3:32 PM",,No,,https://www.youtube.com/playlist?list=PLYw00XBm_pmcjAc-MBJ_vYHdCVlpMPfYV&type=snipo,,,To Learn,Profilzentrum Medizintechnik,4,,00:52:18
An Overview of the Failure Modes and Effects Analysis (FMEA) Tool,Risk Management of Medical Device (https://www.notion.so/Risk-Management-of-Medical-Device-b0a9b3980f854f86a54bde12e4364351?pvs=21),,,,"January 24, 2024 3:53 PM",,No,,https://www.youtube.com/watch?v=PIEzR5uhqnw&type=snipo,,,To Learn,Institute for Healthcare Improvement - IHI,1,,00:02:19
Ekonomik Büyüme ve Yapay Zeka | Objet a — Yalın Alpay | B06,,,Yalin Alpay (https://www.notion.so/Yalin-Alpay-12f87e763a5b410f875a2c454347869d?pvs=21),,"January 28, 2024 1:24 PM",,No,,https://www.youtube.com/watch?v=BdcVJrjl4-E&type=snipo,,,To Learn,AVANGART,1,,00:35:08
How do we know climate change is caused by humans?,,,,,"January 29, 2024 1:02 PM",,No,,https://www.youtube.com/watch?v=J1KGnCj_cfM&type=snipo,,,To Learn,Sabine Hossenfelder,1,,00:06:22
2021-10-13 Hazards Analysis for Active Medical Devices,Risk Management of Medical Device (https://www.notion.so/Risk-Management-of-Medical-Device-b0a9b3980f854f86a54bde12e4364351?pvs=21),,,,"January 29, 2024 2:54 PM",,No,,https://www.youtube.com/watch?v=aHdUwCAiJCA&type=snipo,,,To Learn,NSW Active MedTech Community,1,,01:04:32
Understanding Sequence of Events and Hazardous Situations,Risk Management of Medical Device (https://www.notion.so/Risk-Management-of-Medical-Device-b0a9b3980f854f86a54bde12e4364351?pvs=21),,,,"January 30, 2024 3:35 PM",,No,,https://www.youtube.com/watch?v=DjpIUp5UCPY&type=snipo,,,To Learn,Let's Talk Risk!,1,,00:29:07
A practical approach for analyzing benefit-risk of medical devices,Risk Management of Medical Device (https://www.notion.so/Risk-Management-of-Medical-Device-b0a9b3980f854f86a54bde12e4364351?pvs=21),,,,"February 1, 2024 1:40 PM",,No,,https://www.youtube.com/watch?v=bhjzueFFqIM&type=snipo,,,To Learn,Let's Talk Risk!,1,,00:08:31
Benefit-Risk Requirements in EU-MDR,,,,,"February 1, 2024 2:59 PM",,No,,https://www.youtube.com/watch?v=pwIs8VFmRNQ&type=snipo,,,To Learn,Let's Talk Risk!,1,,00:12:21
"Short course on SaMD (Software as a medical device), IEC 62304 and IEC 82304-1","What is Software as Medical Device (https://www.notion.so/What-is-Software-as-Medical-Device-db7aa98a0b4e4e78babb1e35f4f4e861?pvs=21), How to develop medical Software (https://www.notion.so/How-to-develop-medical-Software-ee48bd65dbca4e6586afc58e3b4b6980?pvs=21)",,,,"February 2, 2024 2:35 PM",,No,,https://www.youtube.com/watch?v=1dOr_QvaPMo&type=snipo,,,To Learn,Medical Device HQ,1,,00:28:39
Dinler Tarihi Serisi / İSLAM,,,,,"February 5, 2024 12:20 PM",,No,,https://www.youtube.com/watch?v=1DxyWxl0k5M&type=snipo,,,To Learn,Gerçeği Bul,1,,00:43:29
Pazar Sohbeti  210 - 4 Şubat 2024,,,,,"February 5, 2024 12:44 PM",,No,,https://www.youtube.com/watch?v=Nnm_UlAUvoI&type=snipo,,,To Learn,Sevan Nisanyan,1,,01:23:28
Documenting compliance with IEC 62304 in medical device software development,"How to develop medical Software (https://www.notion.so/How-to-develop-medical-Software-ee48bd65dbca4e6586afc58e3b4b6980?pvs=21), how to document software (https://www.notion.so/how-to-document-software-121609351892478dbd6d4b8c56c595e5?pvs=21)",,,,"February 7, 2024 10:13 AM",,No,,https://www.youtube.com/watch?v=SHNFJQ_81YE&type=snipo,,,To Learn,Medical Device HQ,1,,00:12:34
Meet CrowdCovid (Example Medical Device Software For IEC 62304 Compliance),,,,,"February 7, 2024 10:58 AM",,No,,https://www.youtube.com/watch?v=gDaj4K-XhB8&type=snipo,,,To Learn,OpenRegulatory,1,,00:10:15
"MLHC 2023 - David Vidal - ""Software as a medical device regulation""",,,,,"February 7, 2024 3:02 PM",,No,,https://www.youtube.com/watch?v=ApHKf1mOO4A&type=snipo,,,To Learn,Machine Learning for Healthcare,1,,00:22:36
Neo-Darwinistik Evrim ve İslam - İbrahim Çağrı Kurt,,Macroevolution (https://www.notion.so/Macroevolution-965779ec2d39422b83335d5c1fa6d1e8?pvs=21),,,"February 10, 2024 9:32 PM",,No,,https://www.youtube.com/watch?v=eQnSdocnUXk&type=snipo,,,To Learn,Boğaziçi Üniversitesi İslam Araştırmaları Kulübü,1,,01:27:15
#207,how to design plant sensor (https://www.notion.so/how-to-design-plant-sensor-190ab162c9614af28b974770dcbaf183?pvs=21),,,,"February 12, 2024 11:18 AM",,No,,https://www.youtube.com/watch?v=udmJyncDvw0&type=snipo,,,To Learn,Andreas Spiess,1,,00:10:58
Macroevolution Cannot Occur - Debunked,,,,,"February 12, 2024 10:09 PM",,No,,https://www.youtube.com/watch?v=Yse5l5-s1KA&type=snipo,,,To Learn,Rationality Rules,1,,00:09:15
D16 | The Fossil Record Proves Evolution - Debunked,,,,,"February 12, 2024 10:18 PM",,No,,https://www.youtube.com/watch?v=IvpTQ9mjsxM&type=snipo,,,To Learn,DeBunked,1,,00:04:20
D15 | Evolution Is A Fact ￼- Debunked,,,,,"February 12, 2024 10:22 PM",,No,,https://www.youtube.com/watch?v=zzT6n2Dzl7Y&type=snipo,,,To Learn,DeBunked,1,,00:03:28
"Is Homology Evidence for Evolution? (Long Story Short, Ep. 1)",,,,,"February 12, 2024 10:27 PM",,No,,https://www.youtube.com/watch?v=lk1gDk1wGhQ&type=snipo,,,To Learn,Discovery Science,1,,00:07:59
Debunking Whale Evolution: good evidence for Darwin or not?,,,,,"February 12, 2024 10:34 PM",,No,,https://www.youtube.com/watch?v=PRrVx3x6mA8&type=snipo,,,To Learn,Long Story Short,1,,00:10:33
Fossils & Evidence For Evolution | Evolution | Biology | FuseSchool,,,,,"February 12, 2024 10:50 PM",,No,,https://www.youtube.com/watch?v=iYr3sYS9e0w&type=snipo,,,To Learn,FuseSchool - Global Education,1,,00:03:41
The Man Who Revolutionized Computer Science With Math,,,Leslie Lamport (https://www.notion.so/Leslie-Lamport-490f7416980c41218381daab54332073?pvs=21),,"February 12, 2024 10:53 PM",,No,,https://www.youtube.com/watch?v=rkZzg7Vowao&type=snipo,,,To Learn,Quanta Magazine,1,,00:07:49
Capacitive Soil Moisture Sensors don't work correctly + Fix for v2.0 v1.2 Arduino ESP32 Raspberry Pi,,,,,"February 13, 2024 8:55 AM",,No,,https://www.youtube.com/watch?v=IGP38bz-K48&type=snipo,,,To Learn,Flaura - Smart Plant Pot,1,,00:11:49
"Soil moisture sensor module design ",,,,,"February 13, 2024 9:08 AM",,No,,https://www.youtube.com/watch?v=KhNiPy-dEvI&type=snipo,,,To Learn,Linked Frequency,1,,00:22:30
A Simple Solution for Really Hard Problems: Monte Carlo Simulation,,Monte Carlo method (https://www.notion.so/Monte-Carlo-method-afd6330a16554a8da6b42a9204bfae01?pvs=21),,,"February 13, 2024 9:17 AM",,No,,https://www.youtube.com/watch?v=slbZ-SLpIgg&type=snipo,,,To Learn,RiskByNumbers,1,,00:05:57
"Why Consumer Endings are Critical for a Better, Fairer Future",design the end of life of a product? (https://www.notion.so/design-the-end-of-life-of-a-product-b4574893e4704fbdbd5fa8347882aeb0?pvs=21),,,,"February 13, 2024 2:45 PM",,No,,https://www.youtube.com/watch?v=keZuUh5wBsw&type=snipo,,,To Learn,GreenBiz,1,,00:11:42
this is why you're addicted to cloud computing,"changin cloud provider dilemma (https://www.notion.so/changin-cloud-provider-dilemma-b8eb71847f0542f0a0c671130acd2d8e?pvs=21), cloud computing (https://www.notion.so/cloud-computing-5d2f88a7f9654b19a2ed219e50542684?pvs=21)",,,,"February 17, 2024 2:52 PM",,No,,https://www.youtube.com/watch?v=4Wa5DivljOM&type=snipo,,,To Learn,Fireship,1,,00:05:24
Creating SBOMs for Medical Devices,"How to develop medical Software (https://www.notion.so/How-to-develop-medical-Software-ee48bd65dbca4e6586afc58e3b4b6980?pvs=21), how to create sbom for medical software (https://www.notion.so/how-to-create-sbom-for-medical-software-3c340ad1c3c04369b32f11a888475567?pvs=21)",,,,"February 19, 2024 1:59 PM",,No,,https://www.youtube.com/watch?v=8_lRhNgRffs&type=snipo,,,To Learn,StarFish Medical,1,,00:01:47
The Wizard,,,,,"February 20, 2024 1:00 PM",,No,,https://www.youtube.com/watch?v=zNJJBF50H74&type=snipo,,,To Learn,OpenRegulatory,1,,00:07:17
Creating a Simple Risk Table for ISO 14971 (Risk Management For Medical Devices),Risk Management of Medical Device (https://www.notion.so/Risk-Management-of-Medical-Device-b0a9b3980f854f86a54bde12e4364351?pvs=21),,,,"February 20, 2024 3:16 PM",,No,,https://www.youtube.com/watch?v=aqE9yxscuTo&type=snipo,,,To Learn,OpenRegulatory,1,,00:12:50
Sweden In NATO (Recap) || Peter Zeihan,,,,,"February 21, 2024 12:34 PM",,No,,https://www.youtube.com/watch?v=tWp9KNSQ7b0&type=snipo,,,To Learn,Zeihan on Geopolitics,1,,00:05:32
SIFIRDAN İSVEÇÇE ÖĞREN,,,,,"February 23, 2024 9:45 AM",,No,,https://www.youtube.com/playlist?list=PLi1KlgcT15EYwqLbAQs6i06RuoU-UmitU&type=snipo,,,To Learn,İsveç'ten Ömer Öğretmen,100,,15:44:33
Connected Medical Devices,,,,,"February 26, 2024 9:04 AM",,No,,https://www.youtube.com/watch?v=u0c-4eYk-2Y&type=snipo,,,To Learn,NSW Active MedTech Community,1,,01:00:26
TechNexion Webinar: Build cost-effective robots faster with ROVY-4VM,,,,,"February 28, 2024 11:45 AM",,No,,https://www.youtube.com/watch?v=lvWj2GGVrY4&type=snipo,,,To Learn,TechNexion,1,,00:38:49
Challenges in embedded systems architecture & architecting,,,,,"February 28, 2024 3:42 PM",,No,,https://www.youtube.com/watch?v=FEejRA2hmXs&type=snipo,,,To Learn,ESI - Embedded Systems Innovation,1,,00:24:31
Learn Swedish in 30 Minutes - ALL the Basics You Need,,,,,"March 1, 2024 9:38 AM",,No,,https://www.youtube.com/watch?v=Xz4BWuC3lv8&type=snipo,,,To Learn,Learn Swedish with SwedishPod101.com,1,,00:23:52
"What are carbon avoidance, carbon reduction, and carbon removal? - Abatable",,Carbon Price (https://www.notion.so/Carbon-Price-77266109cfbb48d09796781c2bb87ec5?pvs=21),,,"March 3, 2024 8:38 PM",,No,,https://www.youtube.com/watch?v=eR3lr13v9iw&type=snipo,,,To Learn,Abatable,1,,00:01:59
"What are the carbon standards? (Verra, Gold Standard, American Carbon Registry, etc) - Abatable",,,,,"March 3, 2024 8:40 PM",,No,,https://www.youtube.com/watch?v=CVKooh0Ou7o&type=snipo,,,To Learn,Abatable,1,,00:02:11
İşlevsel Programlama ve Haskell - Computerphile,,,,,"March 8, 2024 4:20 PM",,No,,https://www.youtube.com/watch?v=LnX3B9oaKzw&type=snipo,,,To Learn,Computerphile,1,,00:09:18
"1 Problem, 6 Programming Languages (C++ vs Rust vs Haskell vs APL vs Clojure vs Scala)",,,,,"March 8, 2024 4:46 PM",,No,,https://www.youtube.com/watch?v=MKb4WD6mioE&type=snipo,,,To Learn,code_report,1,,00:17:00
"MIT 6.172 Performance Engineering of Software Systems, Fall 2018",,,,,"March 8, 2024 11:29 PM",,No,,https://www.youtube.com/playlist?list=PLUl4u3cNGP63VIBQVWguXxZZi0566y7Wf&type=snipo,,,To Learn,MIT OpenCourseWare,23,,29:47:15
String In Char Array VS. Pointer To String Literal | C Programming Tutorial,C tips & trick (https://www.notion.so/C-tips-trick-7857ad15dc4b4d8fa2dd898524ab553c?pvs=21),,,,"March 10, 2024 10:55 AM",,No,,https://www.youtube.com/watch?v=Qp3WatLL_Hc&type=snipo,,,To Learn,Portfolio Courses,1,,00:09:57
Constant Pointer VS. Pointer To A Constant | C Programming Tutorial,C tips & trick (https://www.notion.so/C-tips-trick-7857ad15dc4b4d8fa2dd898524ab553c?pvs=21),,,,"March 10, 2024 11:13 AM",,No,,https://www.youtube.com/watch?v=egvGq3WSF9Y&type=snipo,,,To Learn,Portfolio Courses,1,,00:08:39
What's Gone Wrong with Sweden's Economy?,economy of sweden (https://www.notion.so/economy-of-sweden-7d7f00a4384445a5a126e80d5a41e7b7?pvs=21),,,,"March 14, 2024 10:32 PM",,No,,https://www.youtube.com/watch?v=az-FwNjJhBg&type=snipo,,,To Learn,TLDR News EU,1,,00:09:59
"How to Tinker with Electronics, Freelancing & When to Quit",,,,,"March 16, 2024 9:15 PM",,No,,https://www.youtube.com/watch?v=delVmVE7rIA&type=snipo,,,To Learn,Fresh Engineer Podcast,1,,01:36:13
Yaşlanmayı durdurabilir miyiz? / Dr. Ayşegül Çoruhlu & Fatih Altaylı,,,,,"March 16, 2024 9:29 PM",,No,,https://www.youtube.com/watch?v=_8NKKO1u8OE&type=snipo,,,To Learn,Teke Tek Bilim,1,,01:25:23
PCB Design for EMI & SI - Phil's Lab #64,PCB Design General Notes (https://www.notion.so/PCB-Design-General-Notes-b950bec724694cd5a2c0d708a900caed?pvs=21),,,,"March 17, 2024 12:57 PM",,No,,https://www.youtube.com/watch?v=VtzPL8wQ8-E&type=snipo,,,To Learn,Phil’s Lab,1,,00:19:05
Understanding Signal Integrity,,,,,"March 17, 2024 7:03 PM",,No,,https://www.youtube.com/watch?v=anX8QZMhVjI&type=snipo,,,To Learn,Rohde Schwarz,1,,00:14:05
What will happen if we insert something into the 320GHz signal path?,,,,,"March 17, 2024 9:09 PM",,No,,https://www.youtube.com/watch?v=va_mwhuKVOA&type=snipo,,,To Learn,Hawldy DemoLab,1,,00:06:40
Future Computers Will Be Radically Different (Analog Computing),,,,,"March 19, 2024 9:28 AM",,No,,https://www.youtube.com/watch?v=GVsUOuSjvcg&type=snipo,,,To Learn,Veritasium,1,,00:21:41
Why You Need to Read Dostoyevsky - Prof. Jordan Peterson,,,,,"March 21, 2024 4:27 PM",,No,,https://www.youtube.com/watch?v=vEfyCVD7BgI&type=snipo,,,To Learn,Jordan Peterson Fan Channel,1,,00:06:42
What a Deglobalized Economy Will Look Like,,,,,"March 21, 2024 8:57 PM",,No,,https://www.youtube.com/watch?v=cE10PXeEvj4&type=snipo,,,To Learn,Money & Macro,1,,00:22:19
Why We're Reaching the Theoretical Limit of Computer Power,,,,,"March 22, 2024 9:44 AM",,No,,https://www.youtube.com/watch?v=Qlv5pB6u534&type=snipo,,,To Learn,Half as Interesting,1,,00:07:26
How Turkey is Winning the War for the Black Sea,,,,,"March 23, 2024 11:13 AM",,No,,https://www.youtube.com/watch?v=O3G9FT8f0C8&type=snipo,,,To Learn,TLDR News EU,1,,00:08:25
Why is Turkey's Military Everywhere?,,,,,"March 23, 2024 11:23 AM",,No,,https://www.youtube.com/watch?v=9eCImte0NEc&type=snipo,,,To Learn,TLDR News Global,1,,00:08:52
"What ESP32 to buy & use? ESP32 S2,S3,C3,C6,H2...",How to choose esp32 family (https://www.notion.so/How-to-choose-esp32-family-ce58dc5236f84d34bc0f570a8c6816db?pvs=21),ESP32 (https://www.notion.so/ESP32-e8a3aa4e316b4ebca41d3ab1bdf6b737?pvs=21),,,"March 24, 2024 1:05 PM",,No,,https://www.youtube.com/watch?v=MEhoZ--nOgw&type=snipo,,,To Learn,ChipInDetail,1,,00:05:00
Deneysel Ekonomi Bulguları | Enes Kerim Şafak,,,,,"March 25, 2024 1:14 PM",,No,,https://www.youtube.com/watch?v=MMo3Uo1yo5Q&type=snipo,,,To Learn,Turing Kültür Sanat,1,,00:24:49
APPLE'dan Kullanışlı | PATEK'den Becerikli,watch comparison (https://www.notion.so/watch-comparison-7960ab74e22349b387fb8db0e6e1b89d?pvs=21),,,,"March 25, 2024 5:26 PM",,No,,https://www.youtube.com/watch?v=eEaz-jQk-lI&type=snipo,,,To Learn,Erk Koçak,1,,00:11:33
What Is A Matter Smart Home (Simply Explained),,Matter (standard) (https://www.notion.so/Matter-standard-5909bd6948a141a096da14e3b2ee960b?pvs=21),,,"March 26, 2024 7:08 AM",,No,,https://www.youtube.com/watch?v=76DlT_2YM4k&type=snipo,,,To Learn,Steve DOES,1,,00:07:42
Thread and Matter Are NOT The Same: Key Differences Explained,,"Thread (network protocol) (https://www.notion.so/Thread-network-protocol-3ddd2b7757994385a5d561b76b8303cc?pvs=21), Matter (standard) (https://www.notion.so/Matter-standard-5909bd6948a141a096da14e3b2ee960b?pvs=21)",,,"March 26, 2024 7:17 AM",,No,,https://www.youtube.com/watch?v=4_7yC0B21oY&type=snipo,,,To Learn,Smart Home Point,1,,00:09:11
Is the new Espressif ESP32-C6 a game changer?,How to choose esp32 family (https://www.notion.so/How-to-choose-esp32-family-ce58dc5236f84d34bc0f570a8c6816db?pvs=21),ESP32 (https://www.notion.so/ESP32-e8a3aa4e316b4ebca41d3ab1bdf6b737?pvs=21),,,"March 26, 2024 2:19 PM",,No,,https://www.youtube.com/watch?v=d0dkTFxa3io&type=snipo,,,To Learn,The Embedded Dude,1,,00:07:19
Which ESP32 is Best for Your Project?,,,,,"March 26, 2024 2:48 PM",,No,,https://www.youtube.com/watch?v=rEDtVMuueqI&type=snipo,,,To Learn,Predictable Designs,1,,00:11:11
Matter Certification and Device Certificates,,,,,"March 26, 2024 3:07 PM",,No,,https://www.youtube.com/watch?v=GuoUZj3bro0&type=snipo,,,To Learn,Espressif Systems,1,,00:47:40
Introduction to Matter,,,,,"March 26, 2024 3:56 PM",,No,,https://www.youtube.com/watch?v=hN-JIiLAbRI&type=snipo,,,To Learn,Espressif Systems,1,,01:14:35
Understanding security threats to embedded systems and IoT devices,,,,,"April 4, 2024 8:33 AM",,No,,https://www.youtube.com/watch?v=SOx-8Ltmm7g&type=snipo,,,To Learn,Texas Instruments,1,,00:21:28
FELSEFE AÇISINDAN DİN ve İDEOLOJİ,,,,,"April 4, 2024 10:34 PM",,No,,https://www.youtube.com/watch?v=ootfgUDE6nw&type=snipo,,,To Learn,Dücane Cündioğlu,1,,02:23:50
Common Attacks on IoT Devices - Christina Quast,Embedded Cybersecurity (https://www.notion.so/Embedded-Cybersecurity-06a3d256cf6c49bf9790f4e669ca827a?pvs=21),,,,"April 5, 2024 9:38 AM",,No,,https://www.youtube.com/watch?v=vKZVbX-hNyE&type=snipo,,,To Learn,The Linux Foundation,1,,00:31:49
Kılıç-Kalem ve Şef-Büyücü,,,,,"April 7, 2024 10:06 PM",,No,,https://www.youtube.com/watch?v=HU2obqkuqis&type=snipo,,,To Learn,Dücane Cündioğlu,1,,02:11:37
Pazar Sohbeti 218 - 7 Nisan 2024,,,,,"April 7, 2024 10:20 PM",,No,,https://www.youtube.com/watch?v=HagH4vNX8_Y&type=snipo,,,To Learn,Sevan Nisanyan,1,,01:44:41
Lenovo - The Last Practical Electronics Maker,,,,,"April 8, 2024 4:39 PM",,No,,https://www.youtube.com/watch?v=Cxjs-JmnBHg&type=snipo,,,To Learn,Logically Answered,1,,00:12:55
Medical Device HQ - Usability engineering,,,,,"April 9, 2024 8:12 AM",,No,,https://www.youtube.com/playlist?list=PLHbDOHytLFxEsHvmxaVB3A9P9MAXMk-iT&type=snipo,,,To Learn,Medical Device HQ,7,,01:15:42
high speed electronics design,,,,,"April 10, 2024 9:28 AM",,No,,https://www.youtube.com/playlist?list=PLxAfQOmX-Pm-94RpBukn1ax6ngevaXVuD&type=snipo,,,To Learn,"Altium, Autodesk EAGLE, EEVblog, IDT - A Renesas Company, Keysight Design Software, NineDotConnects, Phil’s Lab, Robert Feranec, Texas Instruments",24,,18:14:44
Pazartesi Sohbeti 219 - 15 Nisan 2024,,,,,"April 15, 2024 9:47 PM",,No,,https://www.youtube.com/watch?v=wzBViH115_Q&type=snipo,,,To Learn,Sevan Nisanyan,1,,00:43:44
Designing secure IoT products,Embedded Cybersecurity (https://www.notion.so/Embedded-Cybersecurity-06a3d256cf6c49bf9790f4e669ca827a?pvs=21),,,,"April 16, 2024 5:41 PM",,No,,https://www.youtube.com/watch?v=TIBShNvAoQY&type=snipo,,,To Learn,Nordic Semiconductor,1,,00:49:23
What is OT | What are OT Cyber Security Challenges | OT Security Solutions | What is  ICS and SCADA,,,,,"April 17, 2024 6:16 PM",,No,,https://www.youtube.com/watch?v=zs7jjD7vAaQ&type=snipo,,,To Learn,GISPP ACADEMY,1,,01:38:22
The IEC 62443 Standards Plainly Explained,,,,,"April 17, 2024 6:19 PM",,No,,https://www.youtube.com/watch?v=UNTmKT36cXQ&type=snipo,,,To Learn,Plainly Explained,1,,00:41:12
Powering Up Your Board From a Battery? You need to know this ...,,,,,"April 18, 2024 2:10 PM",,No,,https://www.youtube.com/watch?v=pdzQ-kgLbFw&type=snipo,,,To Learn,Robert Feranec,1,,01:30:26
Fundamentals of Embedded Linux - Chris Simmons - NDC TechTown 2022,,,,,"May 2, 2024 9:33 PM",,No,,https://www.youtube.com/watch?v=BdKyq56Cijo&type=snipo,,,To Learn,NDC Conferences,1,,01:04:14
"Xi Elaborates on China's Position on Palestinian-Israeli Conflict, Ukraine Crisis",,,,,"May 10, 2024 9:49 PM",,No,,https://www.youtube.com/watch?v=CY8dpovXuPQ&type=snipo,,,To Learn,CCTV Video News Agency,1,,00:02:54
How Does Linux Boot Process Work?,,,,,"May 13, 2024 9:14 AM",,No,,https://www.youtube.com/watch?v=XpFsMB6FoOs&type=snipo,,,To Learn,ByteByteGo,1,,00:04:43
Linux Directories Explained in 100 Seconds,,,,,"May 13, 2024 9:19 AM",,No,,https://www.youtube.com/watch?v=42iQKuQodW4&type=snipo,,,To Learn,Fireship,1,,00:02:52
How the US Is Destroying Young People’s Future | Scott Galloway | TED,,,,,"May 18, 2024 12:28 AM",,No,,https://www.youtube.com/watch?v=qEJ4hkpQW8E&type=snipo,,,To Learn,TED,1,,00:18:37
The size of your variables matters.,,,,,"May 18, 2024 12:50 PM",,No,,https://www.youtube.com/watch?v=hwyRnHA54lI&type=snipo,,,To Learn,Core Dumped,1,,00:11:02
WHY IS THE STACK SO FAST?,stack vs heap (https://www.notion.so/stack-vs-heap-074faccb21d54e1387212b4f338520cf?pvs=21),Stack memory (https://www.notion.so/Stack-memory-d0bd98d27ba54e68b7eb359c5f79c3b2?pvs=21),,,"May 18, 2024 1:06 PM",,No,,https://www.youtube.com/watch?v=N3o5yHYLviQ&type=snipo,,,To Learn,Core Dumped,1,,00:13:45
WHY IS THE HEAP SO SLOW?,,,,,"May 18, 2024 1:27 PM",,No,,https://www.youtube.com/watch?v=ioJkA7Mw2-U&type=snipo,,,To Learn,Core Dumped,1,,00:17:52
System Programming with Linux,,,,,"May 22, 2024 3:03 PM",,No,,https://www.youtube.com/playlist?list=PL7B2bn3G_wfC-mRpG7cxJMnGWdPAQTViW&type=snipo,,,To Learn,Learn With Arif,40,,27:36:29
Spinoza'da Panenteist Tanrı Tasavvuru - Mustafa Öztürk,,,,,"May 22, 2024 10:37 PM",,No,,https://www.youtube.com/watch?v=w0iwQH03b1I&type=snipo,,,To Learn,Mustafa Öztürk Arşivi,1,,00:46:44
"Stack, Heap, and Static Memory",,,,,"May 27, 2024 7:57 AM",,No,,https://www.youtube.com/watch?v=NnLdGKoz1ls&type=snipo,,,To Learn,Let's Get Rusty,1,,00:09:38
DAR -12- Simülasyon'da Yaşayıp Yaşamadığımızı Bilebilir miyiz? | Doç. Dr. Bora Işıldak,,,,,"May 28, 2024 1:31 PM",,No,,https://www.youtube.com/watch?v=Dg0C2nIYxSQ&type=snipo,,,To Learn,Bilal Ayan,1,,01:36:54
"Bitbake 101, running the Yocto Project workflow, Harald Achitz",,Yocto Project  (https://www.notion.so/Yocto-Project-62a4b32390b049079514ec30f19edef8?pvs=21),,,"May 31, 2024 11:43 AM",,No,,https://www.youtube.com/watch?v=YrsloKEQ9vk&type=snipo,,,To Learn,Yocto Project,1,,00:26:20
Introduction to Embedded Linux,,,,,"May 31, 2024 3:29 PM",,No,,https://www.youtube.com/playlist?list=PLEBQazB0HUyTpoJoZecRK6PpDG31Y7RPB&type=snipo,,,To Learn,DigiKey,7,,03:42:18
"DIAMOND TEMA vs CEMRE DEMİREL ""Din ve Ahlak""",,,,,"May 31, 2024 11:06 PM",,No,,https://www.youtube.com/watch?v=TmlDSqD16Go&type=snipo,,,To Learn,Yer6 Film,1,,01:45:55
"Mastering Memory: Allocation Techniques in C, C++, and ARM Assembly",,,,,"June 4, 2024 8:17 AM",,No,,https://www.youtube.com/watch?v=HlUBE70h2C0&type=snipo,,,To Learn,LaurieWired,1,,00:17:05
Shall We Use a Ferrite Bead in Power Rail or Not? | Explained by Eric Bogatin,,,,,"June 10, 2024 4:44 PM",,No,,https://www.youtube.com/watch?v=HaLMjVkKYMw&type=snipo,,,To Learn,Robert Feranec,1,,00:41:45
Brilliant Engineering Behind AirPods,,,,,"June 13, 2024 10:31 PM",,No,,https://www.youtube.com/watch?v=UxAHHTEADNQ&type=snipo,,,To Learn,Robert Feranec,1,,01:51:15
10 Bin Doları Nasıl 1 Milyon Dolar Yaparsın? | Taner Özdeş Akademi,,,Bora Özkent (https://www.notion.so/Bora-zkent-805d02ea9b1e46e197d36986d937ab2c?pvs=21),,"June 15, 2024 5:03 PM",,No,,https://www.youtube.com/watch?v=KtkCYGo6C54&type=snipo,,,To Learn,Taner Özdeş Akademi,1,,00:31:14
YALAN SÖYLEYEN TARİH UTANSIN! (Hz. Aişe'nin Evlilik Yaşı),,,,,"June 20, 2024 1:29 PM",,No,,https://www.youtube.com/watch?v=D2OBzYwBBVI&type=snipo,,,To Learn,Dücane Cündioğlu,1,,01:59:04
Küçük Yaştaki Kız Çocuklarının Evlendirilmesi Din mi Bitmesi Gereken Bir Arap Geleneği mi? M. Öztürk,,,,,"June 22, 2024 11:38 AM",,No,,https://www.youtube.com/watch?v=FEPdAtZfFcg&type=snipo,,,To Learn,Mustafa Öztürk Arşivi,1,,00:25:43
"Using GPT-4o to train a 2,000,000x smaller model (that runs directly on device)",,,,,"June 22, 2024 12:28 PM",,No,,https://www.youtube.com/watch?v=Jou0aRgGiis&type=snipo,,,To Learn,Edge Impulse,1,,00:14:02
Are There Hadiths That Say Aisha Was Older Than Nine?,,,,,"June 23, 2024 2:18 PM",,No,,https://www.youtube.com/watch?v=g3oCTdashV4&type=snipo,,,To Learn,Acts 17 Polemics,1,,00:18:25
Piyasaların Şifresini Çözen Adam: Jim Simons,,,Jim Simons (https://www.notion.so/Jim-Simons-8506141143ed4c188f61af7eec9c2d12?pvs=21),,"June 23, 2024 7:12 PM",,No,,https://www.youtube.com/watch?v=m9mfuLA2yj4&type=snipo,,,To Learn,Baykalem,1,,00:15:07
Jim Simons: How To Achieve a 66% Return Per Year (7 Strategies),,,,,"June 23, 2024 7:43 PM",,No,,https://www.youtube.com/watch?v=cm7kkHtZiJA&type=snipo,,,To Learn,Cooper Academy,1,,00:15:26
Bauhaus: İdeal Okul,,,,,"June 24, 2024 7:45 AM",,No,,https://www.youtube.com/watch?v=s8-LtNqEKeU&type=snipo,,,To Learn,Creative Classic,1,,00:06:21
What Books Have Influenced My Life? Here is my Answer | Thomas Sowell,,,,,"June 26, 2024 8:16 AM",,No,,https://www.youtube.com/watch?v=Ff_S6TayiFo&type=snipo,,,To Learn,Thomas Sowell,1,,00:04:30
Trade Reversals With This Bollinger Bands “Free Bar” Strategy!,,,,,"June 26, 2024 7:14 PM",,No,,https://www.youtube.com/watch?v=WXhmDit3_Fs&type=snipo,,,To Learn,Trading Tact,1,,00:05:38
PCB Topraklama Döngüleri ve Nasıl Önlenir,Grounding in PCB (https://www.notion.so/Grounding-in-PCB-da2d0aa55b3a4eb59f7fb96ec1e9b99f?pvs=21),,,,"June 28, 2024 7:58 PM",,No,,https://www.youtube.com/watch?v=3swYweisn5g&type=snipo,,,To Learn,Altium Academy,1,,00:13:00
İsrail-Lübnan arasında olası savaş bölgeyi nasıl etkiler?,,,,,"June 29, 2024 12:51 PM",,No,,https://www.youtube.com/watch?v=dZyYOFYKNwY&type=snipo,,,To Learn,GZT,1,,00:13:22
TAYVAN - BU YÜZYILA DAMGA VURACAK OLAN KRİZ,,China (https://www.notion.so/China-5512b26584814b3aa5d600089721ec41?pvs=21),,,"July 7, 2024 11:04 AM",,No,,https://www.youtube.com/watch?v=MQUbXpNDfPE&type=snipo,,,To Learn,"Sertaç Aktan ",1,,00:20:45
Dopamine Addiction is a Myth -- Here's What the Science Says,dopamine (https://www.notion.so/dopamine-994454bdedd744a9b34a7953564afec2?pvs=21),,,,"July 10, 2024 6:52 PM",,No,,https://www.youtube.com/watch?v=cKuazUbay2U&type=snipo,,,To Learn,Sabine Hossenfelder,1,,00:16:15
(30) How China is winning the GREEN ENERGY race. - YouTube,,,,,"July 11, 2024 8:14 AM",,No,,https://www.youtube.com/watch?v=bmz4nzcsx-4&type=snipo,,,To Learn,,1,,00:18:59
'KKTC'yi neden hiçbir ülke tanımıyor?,,Northern Cyprus (https://www.notion.so/Northern-Cyprus-5060701ba81545d68d6c019d65a6c0f4?pvs=21),,,"July 23, 2024 10:35 AM",,No,,https://www.youtube.com/watch?v=_I-8Km2mbOU&type=snipo,,,To Learn,BBC News Türkçe,1,,00:10:56
"Turkey Boosts Military Ties With Niger, as Germany Exits | Firstpost Africa",,"Turkey (https://www.notion.so/Turkey-5c99008c765b4202ad6f066e89c5e65c?pvs=21), Niger (https://www.notion.so/Niger-9958ef0e3d2541dfbcdec2d8eb25c713?pvs=21)",,,"July 23, 2024 10:50 AM",,No,,https://www.youtube.com/watch?v=Uar_Fots6R0&type=snipo,,,To Learn,Firstpost,1,,00:12:31
Turkey Has BIG War Plans,,Turkey (https://www.notion.so/Turkey-5c99008c765b4202ad6f066e89c5e65c?pvs=21),,,"July 23, 2024 11:02 AM",,No,,https://www.youtube.com/watch?v=ng5F1g5tCaM&type=snipo,,,To Learn,The Military Show,1,,00:19:30
BREAKING | How Sweden ENDED the Immigration Crisis,,Sweden (https://www.notion.so/Sweden-e683939c60014112a78e1497553ee1b2?pvs=21),,,"July 23, 2024 11:49 AM",,No,,https://www.youtube.com/watch?v=951jyOOxE7s&type=snipo,,,To Learn,"Travel Abroad Migration ",1,,00:10:39
Hayatınızı Değiştirecek Kitaplar - ESG ile Ne Okuyalım?,,,Emrah Safa Gürkan (https://www.notion.so/Emrah-Safa-G-rkan-d194f9a3b9544b2c8a1c9009d46d8bdb?pvs=21),,"July 23, 2024 1:40 PM",,No,,https://www.youtube.com/watch?v=E7A2BqSMCsI&type=snipo,,,To Learn,OMNIBUS,1,,00:05:55
How I Manage My Time Without Burning Out,,,,,"July 23, 2024 1:53 PM",,No,,https://www.youtube.com/watch?v=YAs9QasnXgA&type=snipo,,,To Learn,Ali Abdaal,1,,00:21:56
Slow productivity review,,,,,"July 23, 2024 2:26 PM",,No,,https://www.youtube.com/watch?v=f93XZGKgCbg&type=snipo,,,To Learn,Writing Practices,1,,00:03:57
How to Do More in 12 Weeks than Others Do in 12 Months,,,,,"July 23, 2024 2:32 PM",,No,,https://www.youtube.com/watch?v=nIv1J5O15To&type=snipo,,,To Learn,Ali Abdaal,1,,00:19:32
China Sell 68% of its US Treasury: What's next?,,China (https://www.notion.so/China-5512b26584814b3aa5d600089721ec41?pvs=21),,,"July 23, 2024 3:31 PM",,No,,https://www.youtube.com/watch?v=GcSk0AtWu2w&type=snipo,,,To Learn,"Fastepo ",1,,00:08:22
BRICS New Deal Shocks the World...Watch Out US Dollar!,,"China (https://www.notion.so/China-5512b26584814b3aa5d600089721ec41?pvs=21), BRICS (https://www.notion.so/BRICS-2d350acd6a6548d0930d3108de4e8697?pvs=21), India (https://www.notion.so/India-1b7911756aca44b497a7180ceedf651b?pvs=21)",,,"July 23, 2024 3:50 PM",,No,,https://www.youtube.com/watch?v=-oa8uIqHRvw&type=snipo,,,To Learn,Cyrus Janssen,1,,00:14:19
"Japanese web design: weird, but it works. Here's why",,Japan (https://www.notion.so/Japan-008ee5659eca4d6b9d5d07a253d5f322?pvs=21),,,"July 23, 2024 4:10 PM",,No,,https://www.youtube.com/watch?v=vi8pyS076a8&type=snipo,,,To Learn,Phoebe Yu,1,,00:11:48
İki kritik isme suikast: Suriye'de neler oluyor?,,"Israel (https://www.notion.so/Israel-0bcd0d996a7940f4a93ec68de49d8a4d?pvs=21), Syria (https://www.notion.so/Syria-5e87dbbf3c474a04b71cf3624099501b?pvs=21)",,,"July 24, 2024 8:11 AM",,No,,https://www.youtube.com/watch?v=Xqm-lBiiqJQ&type=snipo,,,To Learn,GZT,1,,00:14:33
China Just Won South America With THIS New Deal!,,"China (https://www.notion.so/China-5512b26584814b3aa5d600089721ec41?pvs=21), Brazil (https://www.notion.so/Brazil-8415e28e33154b24b92b4e304a05016b?pvs=21)",Cyrus Janssen (https://www.notion.so/Cyrus-Janssen-1216cb7fc5c241f595c36d74d76f5d7d?pvs=21),,"July 30, 2024 8:16 AM",,No,,https://www.youtube.com/watch?v=v3Y-qXgi1jo&type=snipo,,,To Learn,Cyrus Janssen,1,,00:13:36
Why the United States Can NEVER Stop Israel,,"Israel (https://www.notion.so/Israel-0bcd0d996a7940f4a93ec68de49d8a4d?pvs=21), United States of America (https://www.notion.so/United-States-of-America-2a45d2b217c64baa89216e61f183aca6?pvs=21)",,,"July 30, 2024 8:28 AM",,No,,https://www.youtube.com/watch?v=zPkUfZJFQhY&type=snipo,,,To Learn,Cyrus Janssen,1,,00:12:58
Building Bridges Over Troubled Waters: Türkiye and Greece's Path to Cooperation in the Aegean,,Turkey (https://www.notion.so/Turkey-5c99008c765b4202ad6f066e89c5e65c?pvs=21),,,"July 31, 2024 5:55 PM",,No,,https://www.youtube.com/watch?v=PuWQbe36Tdk&type=snipo,,,To Learn,Diana Madsen,1,,00:08:07
Suikastın Sebebi Çin'deki Uzlaşmayı Bozmak mı?  Em. Tüma Deniz Kutluk & Prof. Dr Hasan Ünal | Harici,,Israel (https://www.notion.so/Israel-0bcd0d996a7940f4a93ec68de49d8a4d?pvs=21),"Benjamin Netenyahu (https://www.notion.so/Benjamin-Netenyahu-174b0236e7184224b34802208e0d444f?pvs=21), Deniz Kutluk (https://www.notion.so/Deniz-Kutluk-3b5b71f7fda746ccb9f6850a105ab764?pvs=21)",,"August 2, 2024 2:19 PM",,No,,https://www.youtube.com/watch?v=NA0NX5SFFg8&type=snipo,,,To Learn,Harici,1,,00:50:08
Sweden Had Enough of Russia - GET OUT OF UKRAINE!,,Sweden (https://www.notion.so/Sweden-e683939c60014112a78e1497553ee1b2?pvs=21),,,"August 9, 2024 1:14 PM",,No,,https://www.youtube.com/watch?v=mvb_6HsJWQ4&type=snipo,,,To Learn,The Military Show,1,,00:16:17
How This Pen Changed The World,Product Design (https://www.notion.so/Product-Design-a22ac86f6d934eb09914ccc8864b4700?pvs=21),Ballpoint pen (https://www.notion.so/Ballpoint-pen-34a5f02de7774491848d0e60d5f996ed?pvs=21),,,"August 9, 2024 1:26 PM",,No,,https://www.youtube.com/watch?v=Nb1PrONDHhk&type=snipo,,,To Learn,Primal Space,1,,00:09:16
Why Reading Nassim Taleb Is Life Altering,,,,,"September 11, 2024 2:48 PM",,No,,https://www.youtube.com/watch?v=2PnIP39miSs&type=snipo,,,To Learn,Naoufal,1,,00:14:39
I decentralized my smartphone (for digital minimalism),,,,,"September 18, 2024 3:40 PM",,No,,https://www.youtube.com/watch?v=VHWYquUUEbw&type=snipo,,,To Learn,Paolo Garde,1,,00:12:51
I Got Google’s SECRET Android Prototype!,mobile phones (https://www.notion.so/mobile-phones-105b0576c4e580328330d343fe3215f9?pvs=21),,,,"September 18, 2024 10:23 PM",,No,,https://www.youtube.com/watch?v=JIgb7NwdAxs&type=snipo,,,To Learn,Snazzy Labs,1,,00:23:54
The LIES That Make Your Tech ACTUALLY Work,,,,,"September 18, 2024 10:43 PM",,No,,https://www.youtube.com/watch?v=rAVV4kAYlI8&type=snipo,,,To Learn,Enrico Tartarotti,1,,00:11:28
Tüm Gerçekliğiyle II. Mahmud ve Dönemi | Türkiye Siyasi Tarihi - 3,,,,,"September 19, 2024 10:07 AM",,No,,https://www.youtube.com/watch?v=LOzDLR6angI&type=snipo,,,To Learn,49W,1,,00:57:06
WİKİPEDİA'NIN GERÇEK YÜZÜ | ALT ÜST EDİLEN TARİH | [Bi' Tavsiye],,,Jason Steinhaue (https://www.notion.so/Jason-Steinhaue-419ef19162c042c1b8013710e6d682ea?pvs=21),,"September 24, 2024 11:02 PM",,No,,https://www.youtube.com/watch?v=SV341LTUB3I&type=snipo,,,To Learn,Lex Historiae -  Mustafa B. Bozkurt,1,,00:23:29
"""KALKIN MAHVOLDUK!"" | KÜRESEL YOKOLUŞUN TARİHİ | İNSAN ÇAĞI'NIN SONU",,,,,"September 24, 2024 11:33 PM",,No,,https://www.youtube.com/watch?v=mo3wHlYhTHw&type=snipo,,,To Learn,Lex Historiae -  Mustafa B. Bozkurt,1,,00:22:12
What is a Commonplace Book? (Philosopher Explains),,,,,"September 27, 2024 3:40 PM",,No,,https://www.youtube.com/watch?v=dY78EEu7xXk&type=snipo,,,To Learn,ParkNotes,1,,00:12:16
Economist explains why Europeans are getting poorer… and happier,,,,,"September 30, 2024 9:34 AM",,No,,https://www.youtube.com/watch?v=5YAaeOonFRI&type=snipo,,,To Learn,Money & Macro,1,,00:11:55
Osmanlı'da Şeriat-Akıl Çatışması,,,,,"October 14, 2024 11:19 PM",,No,,https://www.youtube.com/watch?v=HkJXuAEwnsA&type=snipo,,,To Learn,Dücane Cündioğlu,1,,02:37:06
Emrah Safa Gürkan anlatıyor | Türk tarihçiliğinde kayıp bir halka: Mustafa Akdağ,,,,,"October 19, 2024 7:57 AM",,No,,https://www.youtube.com/watch?v=Pf-t-Vn2qd0&type=snipo,,,To Learn,medyascope,1,,01:08:56
FETHULLAH GÜLEN'İN ÖLÜMÜ ve CEMAATİN GELECEĞİ,,,,,"October 21, 2024 10:24 PM",,No,,https://www.youtube.com/watch?v=GMqBlLd_dCI&type=snipo,,,To Learn,Dücane Cündioğlu,1,,01:23:22
Daron Acemoğlu ve Ulusların Düşüşü / Emrah Safa Gürkan - Historik 41 w/ Uluç Emre Gürkan,,,,,"October 24, 2024 8:54 AM",,No,,https://www.youtube.com/watch?v=KFoIlbJ_d60&type=snipo,,,To Learn,OMNIBUS,1,,00:49:41
Eastern vs Western app design. Why so different?,East vs West Comparison (https://www.notion.so/East-vs-West-Comparison-13db0576c4e580fba444f356a454eacc?pvs=21),Japan (https://www.notion.so/Japan-008ee5659eca4d6b9d5d07a253d5f322?pvs=21),,,"October 26, 2024 9:31 PM",,No,,https://www.youtube.com/watch?v=W1Hr7vb1aNs&type=snipo,,,To Learn,Phoebe Yu,1,,00:12:47
Elektrikli Otomobil Pil Tiplerinden LFP ve NMC Karşı Karşıya! Hangisi Daha İyi?,Batteries and their applications and global market (https://www.notion.so/Batteries-and-their-applications-and-global-market-12eb0576c4e580bdbd15cad1f38a8703?pvs=21),Lithium iron phosphate (LFP) (https://www.notion.so/Lithium-iron-phosphate-LFP-9256639e156a4831ab6671fd220b82d7?pvs=21),,,"October 29, 2024 1:00 PM",,No,,https://www.youtube.com/watch?v=HEyGWqvkK0I&type=snipo,,,To Learn,DH+,1,,00:10:32
The Difference Between Islam and Christianity - Jordan Peterson,,,,,"October 30, 2024 9:18 PM",,No,,https://www.youtube.com/watch?v=SxB5eU7qTb0&type=snipo,,,To Learn,Alex O'Connor,1,,00:05:08
Notes on Icons and Design with Susan Kare,,,,,"October 30, 2024 10:54 PM",,No,,https://www.youtube.com/watch?v=4lx9Wtd2P48&type=snipo,,,To Learn,Letterform Archive,1,,00:51:51
Gökyüzü Mavi mi? Renk Nedir? Olmaz Öyle Saçma Bilim - Prof. Erkcan Özcan,psychology of color (https://www.notion.so/psychology-of-color-123b0576c4e5808195dbe0d7446029b7?pvs=21),Cone cell (https://www.notion.so/Cone-cell-eacdedd65f0e486b9b565f213692308b?pvs=21),,,"October 31, 2024 9:07 PM",,No,,https://www.youtube.com/watch?v=x7Y9RXKGkDU&type=snipo,,,To Learn,FluTV,1,,00:39:05
How Do We Actually See Color?,psychology of color (https://www.notion.so/psychology-of-color-123b0576c4e5808195dbe0d7446029b7?pvs=21),,,,"October 31, 2024 10:18 PM",,No,,https://www.youtube.com/watch?v=WN1yCigL3Hk&type=snipo,,,To Learn,Be Smart,1,,00:09:59
Are you creative or analytical? Find out in 5 seconds.,,,,,"November 1, 2024 10:57 AM",,No,,https://www.youtube.com/watch?v=gDNsePOQVzU&type=snipo,,,To Learn,In59seconds,1,,00:00:59
This hidden Swedish design is very mindful,Product Design (https://www.notion.so/Product-Design-a22ac86f6d934eb09914ccc8864b4700?pvs=21),Sweden (https://www.notion.so/Sweden-e683939c60014112a78e1497553ee1b2?pvs=21),,,"November 1, 2024 8:32 PM",,No,,https://www.youtube.com/watch?v=330TEB6dst0&type=snipo,,,To Learn,Linus Boman,1,,00:13:31
Why Is Blue So Rare In Nature?,Why we evolved to see that spectrum of color (https://www.notion.so/Why-we-evolved-to-see-that-spectrum-of-color-132b0576c4e580598575ee5b0d1fe74e?pvs=21),,,,"November 1, 2024 9:19 PM",,No,,https://www.youtube.com/watch?v=3g246c6Bv58&type=snipo,,,To Learn,Be Smart,1,,00:08:20
Why Do We See Colors?,Why we evolved to see that spectrum of color (https://www.notion.so/Why-we-evolved-to-see-that-spectrum-of-color-132b0576c4e580598575ee5b0d1fe74e?pvs=21),,,,"November 2, 2024 10:01 PM",,No,,https://www.youtube.com/watch?v=-Oo7W0TB-iI&type=snipo,,,To Learn,But Why?,1,,00:09:13
The Philosophy of Color,psychology of color (https://www.notion.so/psychology-of-color-123b0576c4e5808195dbe0d7446029b7?pvs=21),,,,"November 2, 2024 10:15 PM",,No,,https://www.youtube.com/watch?v=1i8s8knHFTs&type=snipo,,,To Learn,Duncan Clarke,1,,00:19:42
Göremediğimiz renkler var mı?,"psychology of color (https://www.notion.so/psychology-of-color-123b0576c4e5808195dbe0d7446029b7?pvs=21), Why we evolved to see that spectrum of color (https://www.notion.so/Why-we-evolved-to-see-that-spectrum-of-color-132b0576c4e580598575ee5b0d1fe74e?pvs=21)",,,,"November 2, 2024 10:38 PM",,No,,https://www.youtube.com/watch?v=X3GzE99XDbc&type=snipo,,,To Learn,Sciencephile the AI,1,,00:04:56
Why Ancient People Didn't See the Color Blue,History of Colors (https://www.notion.so/History-of-Colors-131b0576c4e580a09ccdcaaccfb9e8d1?pvs=21),,,,"November 2, 2024 10:53 PM",,No,,https://www.youtube.com/watch?v=totDkXxKOXg&type=snipo,,,To Learn,The Why Files,1,,00:11:02
Why The Ancient Greeks Couldn't See Blue,History of Colors (https://www.notion.so/History-of-Colors-131b0576c4e580a09ccdcaaccfb9e8d1?pvs=21),,,,"November 2, 2024 11:06 PM",,No,,https://www.youtube.com/watch?v=D1-WuBbVe2E&type=snipo,,,To Learn,AsapSCIENCE,1,,00:06:39
everything about color (literally),History of Colors (https://www.notion.so/History-of-Colors-131b0576c4e580a09ccdcaaccfb9e8d1?pvs=21),,,,"November 2, 2024 11:23 PM",,No,,https://www.youtube.com/watch?v=srRI7yMjGz0&type=snipo,,,To Learn,Juxtopposed,1,,00:24:55
How Humans Became (Mostly) Right-Handed,human evolution (https://www.notion.so/human-evolution-134b0576c4e58095b4c2f2b661d7c2cc?pvs=21),,,,"November 2, 2024 11:48 PM",,No,,https://www.youtube.com/watch?v=vb11oOHYNXM&type=snipo,,,To Learn,PBS Eons,1,,00:09:59
The Physics and Psychology of Colour - with Andrew Hanson,psychology of color (https://www.notion.so/psychology-of-color-123b0576c4e5808195dbe0d7446029b7?pvs=21),,,,"November 3, 2024 9:29 PM",,No,,https://www.youtube.com/watch?v=af78RPi6ayE&type=snipo,,,To Learn,The Royal Institution,1,,00:36:39
Why Some Designs Are Impossible to Improve: Quintessence,Product Design (https://www.notion.so/Product-Design-a22ac86f6d934eb09914ccc8864b4700?pvs=21),,,,"November 3, 2024 10:07 PM",,No,,https://www.youtube.com/watch?v=DEg5u1kyNEs&type=snipo,,,To Learn,Design Theory,1,,00:33:02
Brown; color is weird,psychology of color (https://www.notion.so/psychology-of-color-123b0576c4e5808195dbe0d7446029b7?pvs=21),,,,"November 3, 2024 10:25 PM",,No,,https://www.youtube.com/watch?v=wh4aWZRtTwU&type=snipo,,,To Learn,Technology Connections,1,,00:21:14
"Seven Million Years of Human Evolution ",human evolution (https://www.notion.so/human-evolution-134b0576c4e58095b4c2f2b661d7c2cc?pvs=21),,,,"November 4, 2024 4:30 PM",,No,,https://www.youtube.com/watch?v=DZv8VyIQ7YU&type=snipo,,,To Learn,American Museum of Natural History,1,,00:06:22
Minimalism is Getting Absurd: Updating Dieter Rams' 10 Principles,,,,,"November 4, 2024 9:49 PM",,No,,https://www.youtube.com/watch?v=p5InhRf2JrU&type=snipo,,,To Learn,Design Theory,1,,00:23:56
How Luxury Brands Get You to Buy Into Their Hype,,,,,"November 5, 2024 10:28 PM",,No,,https://www.youtube.com/watch?v=S64fYFDqJlU&type=snipo,,,To Learn,Design Theory,1,,00:37:04
Rise and Fall of Hitachi . What Destroyed A Big Company?,,,,,"November 13, 2024 9:51 PM",,No,,https://www.youtube.com/watch?v=OxWZ5x6JVq8&type=snipo,,,To Learn,Rise And Bust,1,,00:12:54
Vad är en sats? (allt om satser) SFI,,,,,"November 13, 2024 9:54 PM",,No,,https://www.youtube.com/watch?v=0KQ79NR3_9w&type=snipo,,,To Learn,Peter SFI,1,,00:14:01
Japanese Decline: The Full Story,,Japan (https://www.notion.so/Japan-008ee5659eca4d6b9d5d07a253d5f322?pvs=21),,,"November 13, 2024 10:13 PM",,No,,https://www.youtube.com/watch?v=CVyiOewuTtw&type=snipo,,,To Learn,John Coogan,1,,00:23:09
Osmanlı'nın Fransız Devrimine Bakışı,,,,,"November 14, 2024 10:06 PM",,No,,https://www.youtube.com/watch?v=sJS5BPww0Go&type=snipo,,,To Learn,Dücane Cündioğlu,1,,02:22:12
ABD-Rusya-Çin Üçgeni... Erol Mütercimler Trump'ın Planlarını Bir Bir Anlattı!,,United States of America (https://www.notion.so/United-States-of-America-2a45d2b217c64baa89216e61f183aca6?pvs=21),Erol Mutercimler (https://www.notion.so/Erol-Mutercimler-13fb0576c4e580e595cbf98618ec0527?pvs=21),,"November 15, 2024 8:23 AM",,No,,https://www.youtube.com/watch?v=B0LhkKuud0E&type=snipo,,,To Learn,SÖZCÜ Televizyonu,1,,00:11:41
Why Western Designs Fail in Developing Countries,East vs West Comparison (https://www.notion.so/East-vs-West-Comparison-13db0576c4e580fba444f356a454eacc?pvs=21),,,,"November 15, 2024 9:00 AM",,No,,https://www.youtube.com/watch?v=CGRtyxEpoGg&type=snipo,,,To Learn,Design Theory,1,,00:27:35
Sweden is  *not*  utopia – (my thoughts on growing up in Scandinavia),,,,,"November 15, 2024 11:19 AM",,No,,https://www.youtube.com/watch?v=vBXI6yayyxE&type=snipo,,,To Learn,Jenny Mustard,1,,00:15:15
Welcome to the Era of Energy Disruption | Gerard Reid | TEDxBerlinSalon,,,,,"November 17, 2024 10:47 PM",,No,,https://www.youtube.com/watch?v=VXwGvLj4rak&type=snipo,,,To Learn,TEDx Talks,1,,00:13:08
Why are cassette and CD players so bulky now?,,,,,"November 17, 2024 11:15 PM",,No,,https://www.youtube.com/watch?v=2DWtkSVNvTg&type=snipo,,,To Learn,The Verge,1,,00:15:39
(20) The mind-blowing thing we get WRONG about energy - YouTube,,Energy industry (https://www.notion.so/Energy-industry-4546a978746342f28b8cd1f9845b0b12?pvs=21),,,"November 18, 2024 12:05 PM",,No,,https://www.youtube.com/watch?v=EVJkq4iu7bk&type=snipo,,,To Learn,,1,,00:09:49
Why Japan's Semiconductor Industry Failed,History of science and technology in Japan (https://www.notion.so/History-of-science-and-technology-in-Japan-194f1b7487314817beec5562f03a35aa?pvs=21),Japan (https://www.notion.so/Japan-008ee5659eca4d6b9d5d07a253d5f322?pvs=21),,,"November 18, 2024 9:00 PM",,No,,https://www.youtube.com/watch?v=yrSj6yjZ1Yw&type=snipo,,,To Learn,Behind Asia,1,,00:11:45
Barış Soydan Anlatıyor | Avrupa ve Almanya'nın Gerileme Devri 🇪🇺,,Europe (https://www.notion.so/Europe-142b0576c4e580a5b57af5c3633f94b0?pvs=21),,,"November 18, 2024 9:33 PM",,No,,https://www.youtube.com/watch?v=7Z7qfUfjZEw&type=snipo,,,To Learn,Bitlo,1,,00:12:56
Why Europe Failed in Tech,,Europe (https://www.notion.so/Europe-142b0576c4e580a5b57af5c3633f94b0?pvs=21),,,"November 18, 2024 10:00 PM",,No,,https://www.youtube.com/watch?v=XZ8fk3-MDZA&type=snipo,,,To Learn,CuriousReason,1,,00:17:17
Has the EU already lost the lithium battery war? - YouTube,Batteries and their applications and global market (https://www.notion.so/Batteries-and-their-applications-and-global-market-12eb0576c4e580bdbd15cad1f38a8703?pvs=21),"Lithium iron phosphate (LFP) (https://www.notion.so/Lithium-iron-phosphate-LFP-9256639e156a4831ab6671fd220b82d7?pvs=21), Europe (https://www.notion.so/Europe-142b0576c4e580a5b57af5c3633f94b0?pvs=21)",,,"November 18, 2024 10:13 PM",,No,,https://www.youtube.com/watch?v=Q6jJjCOJEzE&type=snipo,,,To Learn,,1,,00:12:58
YMTC will end the Western Dominance in Memory Chips,,China (https://www.notion.so/China-5512b26584814b3aa5d600089721ec41?pvs=21),,,"November 18, 2024 10:32 PM",,No,,https://www.youtube.com/watch?v=ZE_tLrJVKaY&type=snipo,,,To Learn,NanpengTV,1,,00:07:38
LEE KUAN YEW's surprising take on China's Future,,China (https://www.notion.so/China-5512b26584814b3aa5d600089721ec41?pvs=21),Lee Kuan Yew (https://www.notion.so/Lee-Kuan-Yew-d40c8ee8f6c14ea1b0bcd3256401ec42?pvs=21),,"November 18, 2024 10:39 PM",,No,,https://www.youtube.com/watch?v=W6j_8_RYW4U&type=snipo,,,To Learn,NanpengTV,1,,00:07:06
Why Sweden is light-years ahead on climate - YouTube,,,,,"November 19, 2024 6:20 PM",,No,,https://www.youtube.com/watch?v=vWDMI8PDIuY&type=snipo,,,To Learn,,1,,00:12:43
Japonya’nın Büyük Çöküşü,,Japan (https://www.notion.so/Japan-008ee5659eca4d6b9d5d07a253d5f322?pvs=21),,,"November 19, 2024 9:02 PM",,No,,https://www.youtube.com/watch?v=N-CK8wRJJiI&type=snipo,,,To Learn,49W,1,,00:33:56
"Kapitalizm Öldü, Sırada Ne Var?",,,,,"November 19, 2024 10:49 PM",,No,,https://www.youtube.com/watch?v=KOXL8KFIHt0&type=snipo,,,To Learn,49W,1,,00:23:42
"Sweden Is Out of Control: Flooding Scandinavia With Crime | ",,Sweden (https://www.notion.so/Sweden-e683939c60014112a78e1497553ee1b2?pvs=21),,,"November 20, 2024 10:33 PM",,No,,https://www.youtube.com/watch?v=FR__7Yc4CpQ&type=snipo,,,To Learn,VisualPolitik EN,1,,00:19:03
How the UK is becoming a ‘third-world’ economy,,,,,"November 20, 2024 11:06 PM",,No,,https://www.youtube.com/watch?v=OTWDzMjgsEY&type=snipo,,,To Learn,CaspianReport,1,,00:15:35
How America Crushed Japan’s Economic Rise,,,,,"November 22, 2024 10:32 PM",,No,,https://www.youtube.com/watch?v=dfVj7kFk9Wg&type=snipo,,,To Learn,Behind Asia,1,,00:13:41
Rory Sutherland on Jaguar's bizarre rebrand and why they've abandoned their British roots,,,,,"November 24, 2024 2:28 PM",,No,,https://www.youtube.com/watch?v=OMxzUw8777Q&type=snipo,,,To Learn,The Spectator,1,,00:19:47
"The End of China's Rise and the Future of World Order│Michael Beckley (Tufts University, Professor)",,,,,"November 24, 2024 9:33 PM",,No,,https://www.youtube.com/watch?v=IEJcDJq1Mgw&type=snipo,,,To Learn,World Knowledge Forum,1,,00:37:41
HVDC – a key for green transition,,,,,"November 25, 2024 1:04 PM",,No,,https://www.youtube.com/playlist?list=PLgRtnbeTImdw5SNSVIv12POJQpyR7-xir&type=snipo,,,To Learn,Hitachi Energy,23,,00:40:19
Why Syria’s Civil War Has Restarted,,Syria (https://www.notion.so/Syria-5e87dbbf3c474a04b71cf3624099501b?pvs=21),,,"November 30, 2024 9:19 PM",,No,,https://www.youtube.com/watch?v=s4sTCKZajp8&type=snipo,,,To Learn,TLDR News Global,1,,00:08:33
The M4 Mac mini's RIDICULOUS efficiency,,,,,"December 1, 2024 11:44 AM",,No,,https://www.youtube.com/watch?v=3FICjyf-e8k&type=snipo,,,To Learn,Jeff Geerling,1,,00:03:07
"Bir kitap: Daron Acemoğlu ve Simon Johnson, İktidar ve Teknoloji: Bin Yıllık Mücadele",,,Daron Acemoglu (https://www.notion.so/Daron-Acemoglu-3ceb2a70dc6740c6bccf831bda672d5c?pvs=21),Power and Progress (https://www.notion.so/Power-and-Progress-247186113831428ab704ffca9349ca7a?pvs=21),"December 2, 2024 4:52 PM",,No,,https://www.youtube.com/watch?v=1_rJaPoDLyc&type=snipo,,,To Learn,C. Cengiz Çevik,1,,00:38:12
BİLİMİN KÖKENİ BÜYÜ OLABİLİR Mİ? [Bi'Tavsiye] (4K),,,,,"December 2, 2024 10:39 PM",,No,,https://www.youtube.com/watch?v=8tTbDJXdQSc&type=snipo,,,To Learn,Mustafa B. Bozkurt [Lex Historiae],1,,00:32:10
HALEP'TE NE OLUYOR? HTŞ KİM? || DFT Tarih Gündem,,Syria (https://www.notion.so/Syria-5e87dbbf3c474a04b71cf3624099501b?pvs=21),,,"December 3, 2024 11:58 PM",,No,,https://www.youtube.com/watch?v=y-OOfqTSiEQ&type=snipo,,,To Learn,DFT Tarih,1,,00:09:22
Audio amp classes as fast as possible!,High Quality Audio with I2S - Part 3 (https://www.notion.so/High-Quality-Audio-with-I2S-Part-3-4deddb2f067342928ec180f7acb665e3?pvs=21),,,,"December 6, 2024 1:17 PM",,No,,https://www.youtube.com/watch?v=d8ug0NbaIds&type=snipo,,,To Learn,The Headphone Show,1,,00:09:26
Türkiye’s Energy Breakthrough Will Shock the World,Global Energy Notes (https://www.notion.so/Global-Energy-Notes-12eb0576c4e580f2933ac5305f7b46fd?pvs=21),Turkey (https://www.notion.so/Turkey-5c99008c765b4202ad6f066e89c5e65c?pvs=21),,,"December 6, 2024 2:09 PM",,No,,https://www.youtube.com/watch?v=ZzV5L8tYBow&type=snipo,,,To Learn,Gigantic Ventures,1,,00:08:53
Türk ekonomisi nasıl kurtulur? / Prof. Dr. Daron Acemoğlu & Fatih Altaylı - Teke Tek Bilim,,,Daron Acemoglu (https://www.notion.so/Daron-Acemoglu-3ceb2a70dc6740c6bccf831bda672d5c?pvs=21),,"December 6, 2024 10:44 PM",,No,,https://www.youtube.com/watch?v=6tpUTPyaCj8&type=snipo,,,To Learn,Teke Tek Bilim,1,,01:00:33
"Carl Schmitt, Diktatörlük, Türkiye",,,Carl Schmitt (https://www.notion.so/Carl-Schmitt-9d02781478e445bd85127395dc3c4417?pvs=21),Political Theology: Four Chapters on the Concept of Sovereignty (https://www.notion.so/Political-Theology-Four-Chapters-on-the-Concept-of-Sovereignty-888c2e74f4bc4fcfa813b6a5bab5ad45?pvs=21),"December 8, 2024 10:43 PM",,No,,https://www.youtube.com/watch?v=bzM2yeS9l6k&type=snipo,,,To Learn,Enes Gündoğdu,1,,00:34:10
HALKIN DİKTATÖRÜ vs HALKA KARŞI DİKTATÖR,,Kemalism (https://www.notion.so/Kemalism-01b0226d13fc4cf88aad7712562c53e2?pvs=21),,Political Theology: Four Chapters on the Concept of Sovereignty (https://www.notion.so/Political-Theology-Four-Chapters-on-the-Concept-of-Sovereignty-888c2e74f4bc4fcfa813b6a5bab5ad45?pvs=21),"December 9, 2024 9:02 AM",,No,,https://www.youtube.com/watch?v=ZCcVMbdMXu8&type=snipo,,,To Learn,Enes Gündoğdu,1,,00:21:18
Orhan Gökdemir 'Muazzez İlmiye Çığ' gerçeğini anlattı,,,Muazzez Ilmiye Cig (https://www.notion.so/Muazzez-Ilmiye-Cig-10ef5f9766f9430cacaa14a1ae434eaf?pvs=21),,"December 9, 2024 1:20 PM",,No,,https://www.youtube.com/watch?v=33_-PcClNhE&type=snipo,,,To Learn,Enver Aysever,1,,00:18:26
Kemalizm Sağcı Mıdır? Kemalizm Neydi Ne Oldu? | Türkiye'de İdeolojiler Tarihi I,,Kemalism (https://www.notion.so/Kemalism-01b0226d13fc4cf88aad7712562c53e2?pvs=21),,,"December 9, 2024 10:17 PM",,No,,https://www.youtube.com/watch?v=uNu07etF9sg&type=snipo,,,To Learn,49W,1,,00:19:40
Liberal Demokrasi Neden Krizde? Siyasetin Doğası Savaş Mıdır? | Portreler: Carl Schmitt,,,,,"December 11, 2024 3:52 PM",,No,,https://www.youtube.com/watch?v=_kvAH39yppg&type=snipo,,,To Learn,49W,1,,00:20:15
Dopamin ve Motivasyon Üzerine Bilimsel Gerçekler | Kalk Bi Dopamin Demle  (Kitap Özeti),,,,Kalk Bi Dopamin Demle (https://www.notion.so/Kalk-Bi-Dopamin-Demle-27a7c1f297d34ec3b57601061040c418?pvs=21),"December 18, 2024 2:08 PM",,No,,https://www.youtube.com/watch?v=-rbbecOlZS0&type=snipo,,,To Learn,Kilonu Sabit Tut,1,,00:18:53
Why You Can't Fix Anything (It’s Not Just Corporate Greed),,,,,"December 22, 2024 11:28 AM",,No,,https://www.youtube.com/watch?v=nrv45bvP8qo&type=snipo,,,To Learn,Design Theory,1,,00:27:40
"Japonya'da Zen'in Peşinde: ""Dünya Dini"" Nasıl Olur?",,,,,"December 27, 2024 10:43 AM",,No,,https://www.youtube.com/watch?v=MZaeBOTSe98&type=snipo,,,To Learn,Pelin Dilara Çolak,1,,00:16:02
Minimal E-Ink Clock with a Raspberry Pi (Tutorial),,,,,"January 1, 2025 5:14 PM",,No,,https://www.youtube.com/watch?v=L5PvQj1vfC4&type=snipo,,,To Learn,"AKZ Dev  ",1,,00:06:37
Meditasyona Nasıl Başladım? Mindfulness ve Zen Felsefesi,,,,,"January 1, 2025 11:20 PM",,No,,https://www.youtube.com/watch?v=z2r9eCAZ5fg&type=snipo,,,To Learn,Zübeyir Erkam,1,,00:16:30
"The Psychology of Alfred Adler:  Superiority, Inferiority, and Courage",,,,,"January 3, 2025 5:57 PM",,No,,https://www.youtube.com/watch?v=t3TbSjZ_fxc&type=snipo,,,To Learn,Academy of Ideas,1,,00:08:58
Stop Setting Resolutions. ADHD Needs This Instead.,,,,,"January 3, 2025 7:15 PM",,No,,https://www.youtube.com/watch?v=YBAMrvzcBxU&type=snipo,,,To Learn,ADHDVision,1,,00:17:07
"Dickens'ın ""Bir Noel Şarkısı"" Eseri Üzerine",,,,,"January 5, 2025 10:20 PM",,No,,https://www.youtube.com/watch?v=G9WOi2HTmVU&type=snipo,,,To Learn,C. Cengiz Çevik,1,,00:56:05
Neural Style Transfer: The Art and Science of Generative AI | Saloni Garg | Build Stuff Conference,,,,,"January 6, 2025 1:18 PM",,No,,https://www.youtube.com/watch?v=uJLtHW0dgis&type=snipo,,,To Learn,Build Stuff,1,,00:17:03
The Stallion Theory: How aimless creativity ruins your life,,,,,"January 12, 2025 9:26 PM",,No,,https://www.youtube.com/watch?v=z8f5MRDiSGY&type=snipo,,,To Learn,struthless,1,,00:12:45
Why specializing early doesn't always mean career success | David Epstein,,,,,"January 14, 2025 10:52 PM",,No,,https://www.youtube.com/watch?v=B6lBtiQZSho&type=snipo,,,To Learn,TED,1,,00:14:00
"Azure SQL Database Types, Costs and Use Cases | Azure Masterclass",,,,,"January 15, 2025 4:21 PM",,No,,https://www.youtube.com/watch?v=ULaGjgHUq8I&type=snipo,,,To Learn,Synextra,1,,00:17:15
Niksen | Hollanda'lıların Hiçbir şey Yapmama Sanatı,,,,,"January 18, 2025 12:51 PM",,No,,https://www.youtube.com/watch?v=GCH5ctrUb1k&type=snipo,,,To Learn,mirisetc,1,,00:04:50
Are Historians Wrong About the Origins of Islam?,,,,,"January 18, 2025 8:37 PM",,No,,https://www.youtube.com/watch?v=7sifTmZidqc&type=snipo,,,To Learn,Kings and Generals,1,,00:18:52
I didn’t quit Youtube because of this book. (now I have 100K subscribers),,,,,"January 19, 2025 6:57 AM",,No,,https://www.youtube.com/watch?v=o7blrkYeNo4&type=snipo,,,To Learn,Deya,1,,00:19:27
"Alan Watts, Filozof Yazar Dinler Uzmanı Zen Bilgesi Kimdir, Alıntıları Ve Felsefesi, Öğrettikleri",,,,,"January 20, 2025 10:41 PM",,No,,https://www.youtube.com/watch?v=Qah9YHU6W9g&type=snipo,,,To Learn,Tonguç AKARCA,1,,00:12:19
8 Most Important System Design Concepts You Should Know,,,,,"January 28, 2025 2:46 PM",,No,,https://www.youtube.com/watch?v=BTjxUS_PylA&type=snipo,,,To Learn,ByteByteGo,1,,00:06:04
Apache Kafka Fundamentals You Should Know,,,,,"January 28, 2025 2:58 PM",,No,,https://www.youtube.com/watch?v=-RDyEFvnTXI&type=snipo,,,To Learn,ByteByteGo,1,,00:04:54
How to choose the right database for your application - Zoe Steinkamp - NDC Oslo 2023,,,,,"January 29, 2025 9:04 AM",,No,,https://www.youtube.com/watch?v=hj2yFugmpz8&type=snipo,,,To Learn,NDC Conferences,1,,00:41:02