Title,Chapter,Finished,Link,Note,Sequential,Status,Tags,Total Videos,Video Duration,my organized
002 - Introduction to this class,Introduction to Medical Software and Digital Health,No,https://www.coursera.org/learn/introduction-to-medical-software/lecture/mIfY1/introduction-to-this-class?v=introduction-to-medical-software/lecture/mIfY1/introduction-to-this-class&list=introduction-to-medical-software&type=snipo,,Overview,To Learn,,1,00:11:44,
001 - Getting Started,Introduction to Medical Software and Digital Health,No,https://www.coursera.org/learn/introduction-to-medical-software/supplement/jlh9y/getting-started?v=introduction-to-medical-software/supplement/jlh9y/getting-started&list=introduction-to-medical-software&type=snipo,,Overview,To Learn,,1,00:10:00,
003 - A guided tour of medical software,Introduction to Medical Software and Digital Health,No,https://www.coursera.org/learn/introduction-to-medical-software/lecture/5kXV8/a-guided-tour-of-medical-software?v=introduction-to-medical-software/lecture/5kXV8/a-guided-tour-of-medical-software&list=introduction-to-medical-software&type=snipo,,Overview,To Learn,,1,00:11:48,
015 - The Dalkon Shield Disaster,Medical Software Regulation (FDA and IMDRF),No,https://www.coursera.org/learn/introduction-to-medical-software/supplement/sN8qx/the-dalkon-shield-disaster?v=introduction-to-medical-software/supplement/sN8qx/the-dalkon-shield-disaster&list=introduction-to-medical-software&type=snipo,,FDA History and Original Regulations,To Learn,,1,00:30:00,
012 - Quiz 1,Introduction to Medical Software and Digital Health,No,https://www.coursera.org/learn/introduction-to-medical-software/exam/IniRT/quiz-1?v=introduction-to-medical-software/exam/IniRT/quiz-1&list=introduction-to-medical-software&type=snipo,,Week 1 Quiz,To Learn,,1,00:30:00,
051 - The IGNS Example Project,Software Development Life Cycle,No,https://www.coursera.org/learn/introduction-to-medical-software/lecture/DExPS/the-igns-example-project?v=introduction-to-medical-software/lecture/DExPS/the-igns-example-project&list=introduction-to-medical-software&type=snipo,,The Example Project and a Guided Tour of the Process,To Learn,,1,00:06:35,
018 - General Principles of Software Validation,Medical Software Regulation (FDA and IMDRF),No,https://www.coursera.org/learn/introduction-to-medical-software/lecture/ZeRta/general-principles-of-software-validation?v=introduction-to-medical-software/lecture/ZeRta/general-principles-of-software-validation&list=introduction-to-medical-software&type=snipo,,FDA History and Original Regulations,To Learn,,1,00:15:38,
017 - FDA Quality System Regulation,Medical Software Regulation (FDA and IMDRF),No,https://www.coursera.org/learn/introduction-to-medical-software/supplement/NvD4C/fda-quality-system-regulation?v=introduction-to-medical-software/supplement/NvD4C/fda-quality-system-regulation&list=introduction-to-medical-software&type=snipo,,FDA History and Original Regulations,To Learn,,1,00:10:00,
013 - The FDA: Mission and History,Medical Software Regulation (FDA and IMDRF),No,https://www.coursera.org/learn/introduction-to-medical-software/lecture/eLErR/the-fda-mission-and-history?v=introduction-to-medical-software/lecture/eLErR/the-fda-mission-and-history&list=introduction-to-medical-software&type=snipo,,FDA History and Original Regulations,To Learn,,1,00:15:00,
"011 - US Healthcare from a Global Perspective, 2019",Introduction to Medical Software and Digital Health,No,https://www.coursera.org/learn/introduction-to-medical-software/supplement/tZ0B0/us-healthcare-from-a-global-perspective-2019?v=introduction-to-medical-software/supplement/tZ0B0/us-healthcare-from-a-global-perspective-2019&list=introduction-to-medical-software&type=snipo,,The Digital Transformation of Healthcare (Dr. Gregory Licholai),To Learn,,1,00:30:00,
035 - Framework for Improving Critical Infrastructure Cybersecurity,"The Healthcare Environment (EHR, PACS, Data Privacy, and Cybersecurity)",No,https://www.coursera.org/learn/introduction-to-medical-software/supplement/7bA3U/framework-for-improving-critical-infrastructure-cybersecurity?v=introduction-to-medical-software/supplement/7bA3U/framework-for-improving-critical-infrastructure-cybersecurity&list=introduction-to-medical-software&type=snipo,,Cybersecurity and Data Privacy,To Learn,,1,00:30:00,
030 - Clinical IT II – Medical Imaging,"The Healthcare Environment (EHR, PACS, Data Privacy, and Cybersecurity)",No,https://www.coursera.org/learn/introduction-to-medical-software/lecture/KiLQk/clinical-it-ii-medical-imaging?v=introduction-to-medical-software/lecture/KiLQk/clinical-it-ii-medical-imaging&list=introduction-to-medical-software&type=snipo,,The Clinical Environment,To Learn,,1,00:09:07,
019 - FDA General Principles of Software Validation,Medical Software Regulation (FDA and IMDRF),No,https://www.coursera.org/learn/introduction-to-medical-software/supplement/CtYFG/fda-general-principles-of-software-validation?v=introduction-to-medical-software/supplement/CtYFG/fda-general-principles-of-software-validation&list=introduction-to-medical-software&type=snipo,,FDA History and Original Regulations,To Learn,,1,00:10:00,
024 - FDA Draft Guidance on AI/ML,Medical Software Regulation (FDA and IMDRF),No,https://www.coursera.org/learn/introduction-to-medical-software/supplement/MsFWc/fda-draft-guidance-on-ai-ml?v=introduction-to-medical-software/supplement/MsFWc/fda-draft-guidance-on-ai-ml&list=introduction-to-medical-software&type=snipo,,Contemporary Guidance and Regulatory Processes,To Learn,,1,00:10:00,
025 - Quiz 2,Medical Software Regulation (FDA and IMDRF),No,https://www.coursera.org/learn/introduction-to-medical-software/exam/9iOwB/quiz-2?v=introduction-to-medical-software/exam/9iOwB/quiz-2&list=introduction-to-medical-software&type=snipo,,Week 2 Quiz,To Learn,,1,00:30:00,
027 - Clinical Information Technology (IT),"The Healthcare Environment (EHR, PACS, Data Privacy, and Cybersecurity)",No,https://www.coursera.org/learn/introduction-to-medical-software/lecture/DlLUt/clinical-information-technology-it?v=introduction-to-medical-software/lecture/DlLUt/clinical-information-technology-it&list=introduction-to-medical-software&type=snipo,,The Clinical Environment,To Learn,,1,00:05:34,
038 - Quality Management Systems,Quality and Risk Management,No,https://www.coursera.org/learn/introduction-to-medical-software/lecture/dKVza/quality-management-systems?v=introduction-to-medical-software/lecture/dKVza/quality-management-systems&list=introduction-to-medical-software&type=snipo,,Quality Management Systems,To Learn,,1,00:09:23,
041 - Software as a Medical Device (SaMD): Application of Quality Management System,Quality and Risk Management,No,https://www.coursera.org/learn/introduction-to-medical-software/supplement/TxDpk/software-as-a-medical-device-samd-application-of-quality-management-system?v=introduction-to-medical-software/supplement/TxDpk/software-as-a-medical-device-samd-application-of-quality-management-system&list=introduction-to-medical-software&type=snipo,,Quality Management Systems,To Learn,,1,00:30:00,
047 - Life Cycles and IEC 62304,Software Development Life Cycle,No,https://www.coursera.org/learn/introduction-to-medical-software/lecture/ho1Dg/life-cycles-and-iec-62304?v=introduction-to-medical-software/lecture/ho1Dg/life-cycles-and-iec-62304&list=introduction-to-medical-software&type=snipo,,Life Cycles and the IEC 62304 Standard,To Learn,,1,00:11:44,
016 - The Quality System Regulation,Medical Software Regulation (FDA and IMDRF),No,https://www.coursera.org/learn/introduction-to-medical-software/lecture/0EIZ6/the-quality-system-regulation?v=introduction-to-medical-software/lecture/0EIZ6/the-quality-system-regulation&list=introduction-to-medical-software&type=snipo,,FDA History and Original Regulations,To Learn,,1,00:08:51,
020 - The IMDRF SaMD documents,Medical Software Regulation (FDA and IMDRF),No,https://www.coursera.org/learn/introduction-to-medical-software/lecture/ploHm/the-imdrf-samd-documents?v=introduction-to-medical-software/lecture/ploHm/the-imdrf-samd-documents&list=introduction-to-medical-software&type=snipo,,Contemporary Guidance and Regulatory Processes,To Learn,,1,00:09:05,
049 - Software Life Cycles,Software Development Life Cycle,No,https://www.coursera.org/learn/introduction-to-medical-software/supplement/8uoAY/software-life-cycles?v=introduction-to-medical-software/supplement/8uoAY/software-life-cycles&list=introduction-to-medical-software&type=snipo,,Life Cycles and the IEC 62304 Standard,To Learn,,1,00:10:00,
010 - National Health Expenditure Accounts,Introduction to Medical Software and Digital Health,No,https://www.coursera.org/learn/introduction-to-medical-software/supplement/vF4h5/national-health-expenditure-accounts?v=introduction-to-medical-software/supplement/vF4h5/national-health-expenditure-accounts&list=introduction-to-medical-software&type=snipo,,The Digital Transformation of Healthcare (Dr. Gregory Licholai),To Learn,,1,00:30:00,
008 - Why is healthcare so expensive?,Introduction to Medical Software and Digital Health,No,https://www.coursera.org/learn/introduction-to-medical-software/lecture/OMzuq/why-is-healthcare-so-expensive?v=introduction-to-medical-software/lecture/OMzuq/why-is-healthcare-so-expensive&list=introduction-to-medical-software&type=snipo,,The Digital Transformation of Healthcare (Dr. Gregory Licholai),To Learn,,1,00:03:48,
009 - Promise of the digital transformation of healthcare,Introduction to Medical Software and Digital Health,No,https://www.coursera.org/learn/introduction-to-medical-software/lecture/8xfCb/promise-of-the-digital-transformation-of-healthcare?v=introduction-to-medical-software/lecture/8xfCb/promise-of-the-digital-transformation-of-healthcare&list=introduction-to-medical-software&type=snipo,,The Digital Transformation of Healthcare (Dr. Gregory Licholai),To Learn,,1,00:08:49,
040 - The IMDRF QMS Guidance – Continued,Quality and Risk Management,No,https://www.coursera.org/learn/introduction-to-medical-software/lecture/sMOwt/the-imdrf-qms-guidance-continued?v=introduction-to-medical-software/lecture/sMOwt/the-imdrf-qms-guidance-continued&list=introduction-to-medical-software&type=snipo,,Quality Management Systems,To Learn,,1,00:08:27,
007 - U.S. healthcare landscape overview,Introduction to Medical Software and Digital Health,No,https://www.coursera.org/learn/introduction-to-medical-software/lecture/CXr5v/u-s-healthcare-landscape-overview?v=introduction-to-medical-software/lecture/CXr5v/u-s-healthcare-landscape-overview&list=introduction-to-medical-software&type=snipo,,The Digital Transformation of Healthcare (Dr. Gregory Licholai),To Learn,,1,00:02:40,
031 - Demo of EHR & PACS (Prof. Mariam Aboian),"The Healthcare Environment (EHR, PACS, Data Privacy, and Cybersecurity)",No,https://www.coursera.org/learn/introduction-to-medical-software/lecture/Apngq/demo-of-ehr-pacs-prof-mariam-aboian?v=introduction-to-medical-software/lecture/Apngq/demo-of-ehr-pacs-prof-mariam-aboian&list=introduction-to-medical-software&type=snipo,,The Clinical Environment,To Learn,,1,00:12:11,
022 - The Regulatory Process,Medical Software Regulation (FDA and IMDRF),No,https://www.coursera.org/learn/introduction-to-medical-software/lecture/BOtsE/the-regulatory-process?v=introduction-to-medical-software/lecture/BOtsE/the-regulatory-process&list=introduction-to-medical-software&type=snipo,,Contemporary Guidance and Regulatory Processes,To Learn,,1,00:15:55,
048 - Life Cycles and IEC 62304 – 2,Software Development Life Cycle,No,https://www.coursera.org/learn/introduction-to-medical-software/lecture/ljuSp/life-cycles-and-iec-62304-2?v=introduction-to-medical-software/lecture/ljuSp/life-cycles-and-iec-62304-2&list=introduction-to-medical-software&type=snipo,,Life Cycles and the IEC 62304 Standard,To Learn,,1,00:10:29,
037 - Quiz 3,"The Healthcare Environment (EHR, PACS, Data Privacy, and Cybersecurity)",No,https://www.coursera.org/learn/introduction-to-medical-software/exam/fAfGr/quiz-3?v=introduction-to-medical-software/exam/fAfGr/quiz-3&list=introduction-to-medical-software&type=snipo,,Week 3 Quiz,To Learn,,1,00:30:00,
046 - Quiz 4,Quality and Risk Management,No,https://www.coursera.org/learn/introduction-to-medical-software/exam/89c8J/quiz-4?v=introduction-to-medical-software/exam/89c8J/quiz-4&list=introduction-to-medical-software&type=snipo,,Week 4 Quiz,To Learn,,1,00:30:00,
005 - Medical devices and the regulatory process,Introduction to Medical Software and Digital Health,No,https://www.coursera.org/learn/introduction-to-medical-software/lecture/cE63D/medical-devices-and-the-regulatory-process?v=introduction-to-medical-software/lecture/cE63D/medical-devices-and-the-regulatory-process&list=introduction-to-medical-software&type=snipo,,The Regulatory Landscape,To Learn,,1,00:17:03,
053 - From Medical Image Computing to Computer-Aided Intervention,Software Development Life Cycle,No,https://www.coursera.org/learn/introduction-to-medical-software/supplement/JAeK6/from-medical-image-computing-to-computer-aided-intervention?v=introduction-to-medical-software/supplement/JAeK6/from-medical-image-computing-to-computer-aided-intervention&list=introduction-to-medical-software&type=snipo,,The Example Project and a Guided Tour of the Process,To Learn,,1,00:30:00,
039 - The IMDRF QMS Guidance,Quality and Risk Management,No,https://www.coursera.org/learn/introduction-to-medical-software/lecture/tOGg3/the-imdrf-qms-guidance?v=introduction-to-medical-software/lecture/tOGg3/the-imdrf-qms-guidance&list=introduction-to-medical-software&type=snipo,,Quality Management Systems,To Learn,,1,00:09:49,
032 - Data Privacy,"The Healthcare Environment (EHR, PACS, Data Privacy, and Cybersecurity)",No,https://www.coursera.org/learn/introduction-to-medical-software/lecture/kYxhp/data-privacy?v=introduction-to-medical-software/lecture/kYxhp/data-privacy&list=introduction-to-medical-software&type=snipo,,Cybersecurity and Data Privacy,To Learn,,1,00:09:45,
021 - IMDRF SaMD Guidance Documents,Medical Software Regulation (FDA and IMDRF),No,https://www.coursera.org/learn/introduction-to-medical-software/supplement/pLwk2/imdrf-samd-guidance-documents?v=introduction-to-medical-software/supplement/pLwk2/imdrf-samd-guidance-documents&list=introduction-to-medical-software&type=snipo,,Contemporary Guidance and Regulatory Processes,To Learn,,1,00:10:00,
006 - U.S. Food and Drug Administration (FDA). General Wellness: Policy for Low Risk Devices,Introduction to Medical Software and Digital Health,No,https://www.coursera.org/learn/introduction-to-medical-software/supplement/p3JR6/u-s-food-and-drug-administration-fda-general-wellness-policy-for-low-risk?v=introduction-to-medical-software/supplement/p3JR6/u-s-food-and-drug-administration-fda-general-wellness-policy-for-low-risk&list=introduction-to-medical-software&type=snipo,,The Regulatory Landscape,To Learn,,1,00:30:00,
057 - Identifying User Needs,User Needs & System Requirements,No,https://www.coursera.org/learn/introduction-to-medical-software/lecture/gT4zE/identifying-user-needs?v=introduction-to-medical-software/lecture/gT4zE/identifying-user-needs&list=introduction-to-medical-software&type=snipo,,Identifying User Needs,To Learn,,1,00:09:01,
058 - Identifying User Needs Continued,User Needs & System Requirements,No,https://www.coursera.org/learn/introduction-to-medical-software/lecture/YbhA8/identifying-user-needs-continued?v=introduction-to-medical-software/lecture/YbhA8/identifying-user-needs-continued&list=introduction-to-medical-software&type=snipo,,Identifying User Needs,To Learn,,1,00:12:16,
063 - Don't Fire the Architect! Where Were the Requirements?,User Needs & System Requirements,No,https://www.coursera.org/learn/introduction-to-medical-software/supplement/EcQQ3/don-t-fire-the-architect-where-were-the-requirements?v=introduction-to-medical-software/supplement/EcQQ3/don-t-fire-the-architect-where-were-the-requirements&list=introduction-to-medical-software&type=snipo,,Systems Requirement Specification,To Learn,,1,00:30:00,
054 - A Guided Tour of the Life Cycle Process,Software Development Life Cycle,No,https://www.coursera.org/learn/introduction-to-medical-software/lecture/cGtCH/a-guided-tour-of-the-life-cycle-process?v=introduction-to-medical-software/lecture/cGtCH/a-guided-tour-of-the-life-cycle-process&list=introduction-to-medical-software&type=snipo,,The Example Project and a Guided Tour of the Process,To Learn,,1,00:13:53,
064 - Quiz 6,User Needs & System Requirements,No,https://www.coursera.org/learn/introduction-to-medical-software/exam/2cupC/quiz-6?v=introduction-to-medical-software/exam/2cupC/quiz-6&list=introduction-to-medical-software&type=snipo,,Week 6 Quiz,To Learn,,1,00:30:00,
004 - A guided tour of medical software – 2,Introduction to Medical Software and Digital Health,No,https://www.coursera.org/learn/introduction-to-medical-software/lecture/MRizm/a-guided-tour-of-medical-software-2?v=introduction-to-medical-software/lecture/MRizm/a-guided-tour-of-medical-software-2&list=introduction-to-medical-software&type=snipo,,Overview,To Learn,,1,00:06:40,
073 - Digital Behavioral Health Funding,Software Architecture Design and Usability Engineering,No,https://www.coursera.org/learn/introduction-to-medical-software/supplement/RFzs0/digital-behavioral-health-funding?v=introduction-to-medical-software/supplement/RFzs0/digital-behavioral-health-funding&list=introduction-to-medical-software&type=snipo,,Digital Behavioral Health (Dr. Gregory Licholai),To Learn,,1,00:30:00,
077 - Introduction to Software Testing,Construction and Testing,No,https://www.coursera.org/learn/introduction-to-medical-software/lecture/pC0sa/introduction-to-software-testing?v=introduction-to-medical-software/lecture/pC0sa/introduction-to-software-testing&list=introduction-to-medical-software&type=snipo,,Software Testing,To Learn,,1,00:15:32,
044 - The Risk Management Process – 2,Quality and Risk Management,No,https://www.coursera.org/learn/introduction-to-medical-software/lecture/zWqOz/the-risk-management-process-2?v=introduction-to-medical-software/lecture/zWqOz/the-risk-management-process-2&list=introduction-to-medical-software&type=snipo,,Introduction to Risk Management,To Learn,,1,00:06:07,
028 - Why Doctors Hate their Computers (Article),"The Healthcare Environment (EHR, PACS, Data Privacy, and Cybersecurity)",No,https://www.coursera.org/learn/introduction-to-medical-software/supplement/LPjKW/why-doctors-hate-their-computers-article?v=introduction-to-medical-software/supplement/LPjKW/why-doctors-hate-their-computers-article&list=introduction-to-medical-software&type=snipo,,The Clinical Environment,To Learn,,1,00:30:00,
081 - Quiz 8,Construction and Testing,No,https://www.coursera.org/learn/introduction-to-medical-software/exam/4ABVF/quiz-8?v=introduction-to-medical-software/exam/4ABVF/quiz-8&list=introduction-to-medical-software&type=snipo,,Week 8 Quiz,To Learn,,1,00:30:00,
055 - Information Transmission,Software Development Life Cycle,No,https://www.coursera.org/learn/introduction-to-medical-software/lecture/vNwvw/information-transmission?v=introduction-to-medical-software/lecture/vNwvw/information-transmission&list=introduction-to-medical-software&type=snipo,,The Example Project and a Guided Tour of the Process,To Learn,,1,00:09:36,
084 - Introduction to Statistics,Probability and Statistics,No,https://www.coursera.org/learn/introduction-to-medical-software/lecture/9lwS7/introduction-to-statistics?v=introduction-to-medical-software/lecture/9lwS7/introduction-to-statistics&list=introduction-to-medical-software&type=snipo,,Statistics Overview,To Learn,,1,00:09:54,
060 - Systems Requirement Specification (SRS),User Needs & System Requirements,No,https://www.coursera.org/learn/introduction-to-medical-software/lecture/mUdRY/systems-requirement-specification-srs?v=introduction-to-medical-software/lecture/mUdRY/systems-requirement-specification-srs&list=introduction-to-medical-software&type=snipo,,Systems Requirement Specification,To Learn,,1,00:04:49,
045 - IMDRF Guidance on Risk Categorization,Quality and Risk Management,No,https://www.coursera.org/learn/introduction-to-medical-software/supplement/sIU7l/imdrf-guidance-on-risk-categorization?v=introduction-to-medical-software/supplement/sIU7l/imdrf-guidance-on-risk-categorization&list=introduction-to-medical-software&type=snipo,,Introduction to Risk Management,To Learn,,1,00:10:00,
068 - Usability Engineering,Software Architecture Design and Usability Engineering,No,https://www.coursera.org/learn/introduction-to-medical-software/lecture/4TwFG/usability-engineering?v=introduction-to-medical-software/lecture/4TwFG/usability-engineering&list=introduction-to-medical-software&type=snipo,,Usability Engineering,To Learn,,1,00:13:27,
085 - Estimating Probability Density Functions,Probability and Statistics,No,https://www.coursera.org/learn/introduction-to-medical-software/lecture/KKJxn/estimating-probability-density-functions?v=introduction-to-medical-software/lecture/KKJxn/estimating-probability-density-functions&list=introduction-to-medical-software&type=snipo,,Statistics Overview,To Learn,,1,00:06:36,
075 - Construction,Construction and Testing,No,https://www.coursera.org/learn/introduction-to-medical-software/lecture/dyY1r/construction?v=introduction-to-medical-software/lecture/dyY1r/construction&list=introduction-to-medical-software&type=snipo,,Software Construction (or Coding),To Learn,,1,00:15:26,
086 - Signal Detection,Probability and Statistics,No,https://www.coursera.org/learn/introduction-to-medical-software/lecture/80nP3/signal-detection?v=introduction-to-medical-software/lecture/80nP3/signal-detection&list=introduction-to-medical-software&type=snipo,,Signal Detection,To Learn,,1,00:12:08,
087 - Receiver Operating Characteristic Curves,Probability and Statistics,No,https://www.coursera.org/learn/introduction-to-medical-software/supplement/X5CF3/receiver-operating-characteristic-curves?v=introduction-to-medical-software/supplement/X5CF3/receiver-operating-characteristic-curves&list=introduction-to-medical-software&type=snipo,,Signal Detection,To Learn,,1,00:10:00,
071 - Impact and Analysis Emerging Digital Behavioral Health Industry,Software Architecture Design and Usability Engineering,No,https://www.coursera.org/learn/introduction-to-medical-software/lecture/pORCz/impact-and-analysis-emerging-digital-behavioral-health-industry?v=introduction-to-medical-software/lecture/pORCz/impact-and-analysis-emerging-digital-behavioral-health-industry&list=introduction-to-medical-software&type=snipo,,Digital Behavioral Health (Dr. Gregory Licholai),To Learn,,1,00:06:03,
065 - The Software Design Document,Software Architecture Design and Usability Engineering,No,https://www.coursera.org/learn/introduction-to-medical-software/lecture/Wb6VD/the-software-design-document?v=introduction-to-medical-software/lecture/Wb6VD/the-software-design-document&list=introduction-to-medical-software&type=snipo,,Software Design,To Learn,,1,00:10:18,
033 - DHSS: Office of Civil Rights.  Guidance Regarding Methods for De-identification of Protected health Information,"The Healthcare Environment (EHR, PACS, Data Privacy, and Cybersecurity)",No,https://www.coursera.org/learn/introduction-to-medical-software/supplement/YVuA7/dhss-office-of-civil-rights-guidance-regarding-methods-for-de-identification-of?v=introduction-to-medical-software/supplement/YVuA7/dhss-office-of-civil-rights-guidance-regarding-methods-for-de-identification-of&list=introduction-to-medical-software&type=snipo,,Cybersecurity and Data Privacy,To Learn,,1,00:30:00,
082 - Introduction to Probability,Probability and Statistics,No,https://www.coursera.org/learn/introduction-to-medical-software/lecture/vRl4N/introduction-to-probability?v=introduction-to-medical-software/lecture/vRl4N/introduction-to-probability&list=introduction-to-medical-software&type=snipo,,Probability Overview,To Learn,,1,00:11:34,
091 - The Guinness Brewer Who Revolutionized Statistics,Probability and Statistics,No,https://www.coursera.org/learn/introduction-to-medical-software/supplement/IM58C/the-guinness-brewer-who-revolutionized-statistics?v=introduction-to-medical-software/supplement/IM58C/the-guinness-brewer-who-revolutionized-statistics&list=introduction-to-medical-software&type=snipo,,Tools for Clinical Trials,To Learn,,1,00:10:00,
089 - Statistical Significance – 2,Probability and Statistics,No,https://www.coursera.org/learn/introduction-to-medical-software/lecture/xunrD/statistical-significance-2?v=introduction-to-medical-software/lecture/xunrD/statistical-significance-2&list=introduction-to-medical-software&type=snipo,,Tools for Clinical Trials,To Learn,,1,00:10:45,
093 - Introduction to Validation,"Software Validation, Deployment, Maintenance and Retirement",No,https://www.coursera.org/learn/introduction-to-medical-software/lecture/JkoOq/introduction-to-validation?v=introduction-to-medical-software/lecture/JkoOq/introduction-to-validation&list=introduction-to-medical-software&type=snipo,,Software Validation,To Learn,,1,00:11:28,
062 - SRS for our IGNS Project,User Needs & System Requirements,No,https://www.coursera.org/learn/introduction-to-medical-software/lecture/05ILs/srs-for-our-igns-project?v=introduction-to-medical-software/lecture/05ILs/srs-for-our-igns-project&list=introduction-to-medical-software&type=snipo,,Systems Requirement Specification,To Learn,,1,00:10:11,
067 - Example Software Design For Our IGNS project,Software Architecture Design and Usability Engineering,No,https://www.coursera.org/learn/introduction-to-medical-software/lecture/zCZv9/example-software-design-for-our-igns-project?v=introduction-to-medical-software/lecture/zCZv9/example-software-design-for-our-igns-project&list=introduction-to-medical-software&type=snipo,,Software Design,To Learn,,1,00:06:07,
034 - Cybersecurity,"The Healthcare Environment (EHR, PACS, Data Privacy, and Cybersecurity)",No,https://www.coursera.org/learn/introduction-to-medical-software/lecture/pyhlb/cybersecurity?v=introduction-to-medical-software/lecture/pyhlb/cybersecurity&list=introduction-to-medical-software&type=snipo,,Cybersecurity and Data Privacy,To Learn,,1,00:11:51,
079 - Verification and Testing,Construction and Testing,No,https://www.coursera.org/learn/introduction-to-medical-software/lecture/5z0rl/verification-and-testing?v=introduction-to-medical-software/lecture/5z0rl/verification-and-testing&list=introduction-to-medical-software&type=snipo,,Software Testing,To Learn,,1,00:11:41,
078 - Integration Testing in realtime fMRI,Construction and Testing,No,https://www.coursera.org/learn/introduction-to-medical-software/lecture/7dUnl/integration-testing-in-realtime-fmri?v=introduction-to-medical-software/lecture/7dUnl/integration-testing-in-realtime-fmri&list=introduction-to-medical-software&type=snipo,,Software Testing,To Learn,,1,00:07:50,
061 - SRS Template,User Needs & System Requirements,No,https://www.coursera.org/learn/introduction-to-medical-software/lecture/jg0Gb/srs-template?v=introduction-to-medical-software/lecture/jg0Gb/srs-template&list=introduction-to-medical-software&type=snipo,,Systems Requirement Specification,To Learn,,1,00:16:40,
070 - Human Factors and Usability Engineering -- Guidance for Medical Devices Including Drug-device Combination Products,Software Architecture Design and Usability Engineering,No,https://www.coursera.org/learn/introduction-to-medical-software/supplement/vX4xa/human-factors-and-usability-engineering-guidance-for-medical-devices-including?v=introduction-to-medical-software/supplement/vX4xa/human-factors-and-usability-engineering-guidance-for-medical-devices-including&list=introduction-to-medical-software&type=snipo,,Usability Engineering,To Learn,,1,00:30:00,
069 - Applying Human Factors and Usability Engineering to Medical Devices; Guidance for Industry and Food and Drug Administration Staff,Software Architecture Design and Usability Engineering,No,https://www.coursera.org/learn/introduction-to-medical-software/supplement/P8d6e/applying-human-factors-and-usability-engineering-to-medical-devices-guidance-for?v=introduction-to-medical-software/supplement/P8d6e/applying-human-factors-and-usability-engineering-to-medical-devices-guidance-for&list=introduction-to-medical-software&type=snipo,,Usability Engineering,To Learn,,1,00:30:00,
072 - Behavioral Health Landscape,Software Architecture Design and Usability Engineering,No,https://www.coursera.org/learn/introduction-to-medical-software/supplement/R68d4/behavioral-health-landscape?v=introduction-to-medical-software/supplement/R68d4/behavioral-health-landscape&list=introduction-to-medical-software&type=snipo,,Digital Behavioral Health (Dr. Gregory Licholai),To Learn,,1,00:30:00,
"096 - Declaration of Helsinki: Ethical Principles for Medical Research Involving Human Subjects, 1964--2013","Software Validation, Deployment, Maintenance and Retirement",No,https://www.coursera.org/learn/introduction-to-medical-software/supplement/XeESc/declaration-of-helsinki-ethical-principles-for-medical-research-involving-human?v=introduction-to-medical-software/supplement/XeESc/declaration-of-helsinki-ethical-principles-for-medical-research-involving-human&list=introduction-to-medical-software&type=snipo,,Software Validation,To Learn,,1,00:30:00,
042 - Introduction to Risk Management,Quality and Risk Management,No,https://www.coursera.org/learn/introduction-to-medical-software/lecture/YLo6r/introduction-to-risk-management?v=introduction-to-medical-software/lecture/YLo6r/introduction-to-risk-management&list=introduction-to-medical-software&type=snipo,,Introduction to Risk Management,To Learn,,1,00:08:55,
076 - Managing code and Revision Control Systems,Construction and Testing,No,https://www.coursera.org/learn/introduction-to-medical-software/lecture/O1LVd/managing-code-and-revision-control-systems?v=introduction-to-medical-software/lecture/O1LVd/managing-code-and-revision-control-systems&list=introduction-to-medical-software&type=snipo,,Software Construction (or Coding),To Learn,,1,00:09:59,
"014 - Promoting Safe and Effective Drugs for 100 Years ",Medical Software Regulation (FDA and IMDRF),No,https://www.coursera.org/learn/introduction-to-medical-software/supplement/F1vIc/promoting-safe-and-effective-drugs-for-100-years?v=introduction-to-medical-software/supplement/F1vIc/promoting-safe-and-effective-drugs-for-100-years&list=introduction-to-medical-software&type=snipo,,FDA History and Original Regulations,To Learn,,1,00:10:00,
101 - Quiz 10,"Software Validation, Deployment, Maintenance and Retirement",No,https://www.coursera.org/learn/introduction-to-medical-software/exam/nZpyM/quiz-10?v=introduction-to-medical-software/exam/nZpyM/quiz-10&list=introduction-to-medical-software&type=snipo,,Week 10 Quiz,To Learn,,1,00:30:00,
066 - A Template for the Software Design Document,Software Architecture Design and Usability Engineering,No,https://www.coursera.org/learn/introduction-to-medical-software/lecture/z9SUT/a-template-for-the-software-design-document?v=introduction-to-medical-software/lecture/z9SUT/a-template-for-the-software-design-document&list=introduction-to-medical-software&type=snipo,,Software Design,To Learn,,1,00:14:23,
"097 - Practical tips for surgical research: Research questions, hypotheses and objectives","Software Validation, Deployment, Maintenance and Retirement",No,https://www.coursera.org/learn/introduction-to-medical-software/supplement/FFCkJ/practical-tips-for-surgical-research-research-questions-hypotheses-and?v=introduction-to-medical-software/supplement/FFCkJ/practical-tips-for-surgical-research-research-questions-hypotheses-and&list=introduction-to-medical-software&type=snipo,,Software Validation,To Learn,,1,00:30:00,
100 - Maintenance & Retirement,"Software Validation, Deployment, Maintenance and Retirement",No,https://www.coursera.org/learn/introduction-to-medical-software/lecture/Zgs9H/maintenance-retirement?v=introduction-to-medical-software/lecture/Zgs9H/maintenance-retirement&list=introduction-to-medical-software&type=snipo,,"Deployment, Maintenance, and Retirement",To Learn,,1,00:11:55,
103 - Evaluation of ML Methods and Related Issues,Machine Learning,No,https://www.coursera.org/learn/introduction-to-medical-software/lecture/Psc9Q/evaluation-of-ml-methods-and-related-issues?v=introduction-to-medical-software/lecture/Psc9Q/evaluation-of-ml-methods-and-related-issues&list=introduction-to-medical-software&type=snipo,,"Artificial Intelligence, Machine Learning, and Deep Learning",To Learn,,1,00:08:44,
083 - Multiple Events,Probability and Statistics,No,https://www.coursera.org/learn/introduction-to-medical-software/lecture/00kaG/multiple-events?v=introduction-to-medical-software/lecture/00kaG/multiple-events&list=introduction-to-medical-software&type=snipo,,Probability Overview,To Learn,,1,00:07:27,
102 - Introduction to AI/ML,Machine Learning,No,https://www.coursera.org/learn/introduction-to-medical-software/lecture/XVTmN/introduction-to-ai-ml?v=introduction-to-medical-software/lecture/XVTmN/introduction-to-ai-ml&list=introduction-to-medical-software&type=snipo,,"Artificial Intelligence, Machine Learning, and Deep Learning",To Learn,,1,00:17:05,
090 - Importance of Randomization,Probability and Statistics,No,https://www.coursera.org/learn/introduction-to-medical-software/lecture/18X0Y/importance-of-randomization?v=introduction-to-medical-software/lecture/18X0Y/importance-of-randomization&list=introduction-to-medical-software&type=snipo,,Tools for Clinical Trials,To Learn,,1,00:05:47,
059 - User Needs For Example Project,User Needs & System Requirements,No,https://www.coursera.org/learn/introduction-to-medical-software/lecture/Tfmvy/user-needs-for-example-project?v=introduction-to-medical-software/lecture/Tfmvy/user-needs-for-example-project&list=introduction-to-medical-software&type=snipo,,Identifying User Needs,To Learn,,1,00:05:15,
052 - Image Guided Surgery,Software Development Life Cycle,No,https://www.coursera.org/learn/introduction-to-medical-software/supplement/yJAN8/image-guided-surgery?v=introduction-to-medical-software/supplement/yJAN8/image-guided-surgery&list=introduction-to-medical-software&type=snipo,,The Example Project and a Guided Tour of the Process,To Learn,,1,00:10:00,
107 - Regulatory Guidance on AI/ML,Machine Learning,No,https://www.coursera.org/learn/introduction-to-medical-software/lecture/aBOZX/regulatory-guidance-on-ai-ml?v=introduction-to-medical-software/lecture/aBOZX/regulatory-guidance-on-ai-ml&list=introduction-to-medical-software&type=snipo,,Regulatory Issues in using AI/ML for Medical Applications,To Learn,,1,00:15:57,
108 - A Survey on Explainable Artificial Intelligence (XAI): Towards Medical XAI,Machine Learning,No,https://www.coursera.org/learn/introduction-to-medical-software/supplement/qf5hr/a-survey-on-explainable-artificial-intelligence-xai-towards-medical-xai?v=introduction-to-medical-software/supplement/qf5hr/a-survey-on-explainable-artificial-intelligence-xai-towards-medical-xai&list=introduction-to-medical-software&type=snipo,,Regulatory Issues in using AI/ML for Medical Applications,To Learn,,1,00:30:00,
080 - A Graphics Processing Unit Accelerated Motion Correction Algorithm and Modular System for Real-time fMRI,Construction and Testing,No,https://www.coursera.org/learn/introduction-to-medical-software/supplement/yqEHr/a-graphics-processing-unit-accelerated-motion-correction-algorithm-and-modular?v=introduction-to-medical-software/supplement/yqEHr/a-graphics-processing-unit-accelerated-motion-correction-algorithm-and-modular&list=introduction-to-medical-software&type=snipo,,Software Testing,To Learn,,1,00:30:00,
110 - The Singapore Guidance and AI/ML,Machine Learning,No,https://www.coursera.org/learn/introduction-to-medical-software/lecture/2Zv29/the-singapore-guidance-and-ai-ml?v=introduction-to-medical-software/lecture/2Zv29/the-singapore-guidance-and-ai-ml&list=introduction-to-medical-software&type=snipo,,Regulatory Issues in using AI/ML for Medical Applications,To Learn,,1,00:09:03,
112 - AI/ML and the Software Life Cycle (Prof. John Onofrey),Machine Learning,No,https://www.coursera.org/learn/introduction-to-medical-software/lecture/xCG7y/ai-ml-and-the-software-life-cycle-prof-john-onofrey?v=introduction-to-medical-software/lecture/xCG7y/ai-ml-and-the-software-life-cycle-prof-john-onofrey&list=introduction-to-medical-software&type=snipo,,Regulatory Issues in using AI/ML for Medical Applications,To Learn,,1,00:14:49,
111 - Singapore Guidance on Medical Software,Machine Learning,No,https://www.coursera.org/learn/introduction-to-medical-software/supplement/pNP5r/singapore-guidance-on-medical-software?v=introduction-to-medical-software/supplement/pNP5r/singapore-guidance-on-medical-software&list=introduction-to-medical-software&type=snipo,,Regulatory Issues in using AI/ML for Medical Applications,To Learn,,1,00:30:00,
114 - Generalizable Multi-Site Training and Testing of Deep Neural Networks Using Image Normalization,Machine Learning,No,https://www.coursera.org/learn/introduction-to-medical-software/supplement/f8VqY/generalizable-multi-site-training-and-testing-of-deep-neural-networks-using?v=introduction-to-medical-software/supplement/f8VqY/generalizable-multi-site-training-and-testing-of-deep-neural-networks-using&list=introduction-to-medical-software&type=snipo,,Regulatory Issues in using AI/ML for Medical Applications,To Learn,,1,00:30:00,
118 - Funding for Digital Health Skyrockets (article),Business and Management Issues,No,https://www.coursera.org/learn/introduction-to-medical-software/supplement/K5qy3/funding-for-digital-health-skyrockets-article?v=introduction-to-medical-software/supplement/K5qy3/funding-for-digital-health-skyrockets-article&list=introduction-to-medical-software&type=snipo,,Digital Medicine and Business (Dr. Gregory Licholai),To Learn,,1,00:30:00,
105 - Deep Learning Review Paper,Machine Learning,No,https://www.coursera.org/learn/introduction-to-medical-software/supplement/CmLJe/deep-learning-review-paper?v=introduction-to-medical-software/supplement/CmLJe/deep-learning-review-paper&list=introduction-to-medical-software&type=snipo,,"Artificial Intelligence, Machine Learning, and Deep Learning",To Learn,,1,00:10:00,
106 - A Guide to Deep Learning in Healthcare,Machine Learning,No,https://www.coursera.org/learn/introduction-to-medical-software/supplement/Skxm8/a-guide-to-deep-learning-in-healthcare?v=introduction-to-medical-software/supplement/Skxm8/a-guide-to-deep-learning-in-healthcare&list=introduction-to-medical-software&type=snipo,,"Artificial Intelligence, Machine Learning, and Deep Learning",To Learn,,1,00:30:00,
117 - Changing Business Models in Healthcare,Business and Management Issues,No,https://www.coursera.org/learn/introduction-to-medical-software/lecture/ztie2/changing-business-models-in-healthcare?v=introduction-to-medical-software/lecture/ztie2/changing-business-models-in-healthcare&list=introduction-to-medical-software&type=snipo,,Digital Medicine and Business (Dr. Gregory Licholai),To Learn,,1,00:15:38,
092 - Quiz 9,Probability and Statistics,No,https://www.coursera.org/learn/introduction-to-medical-software/exam/UXUqi/quiz-9?v=introduction-to-medical-software/exam/UXUqi/quiz-9&list=introduction-to-medical-software&type=snipo,,Week 9 Quiz,To Learn,,1,00:30:00,
116 - Value Drivers in Digital Medicine,Business and Management Issues,No,https://www.coursera.org/learn/introduction-to-medical-software/lecture/Xbqxm/value-drivers-in-digital-medicine?v=introduction-to-medical-software/lecture/Xbqxm/value-drivers-in-digital-medicine&list=introduction-to-medical-software&type=snipo,,Digital Medicine and Business (Dr. Gregory Licholai),To Learn,,1,00:12:05,
120 - Future of Digital Health Drivers,Business and Management Issues,No,https://www.coursera.org/learn/introduction-to-medical-software/supplement/Ih9Xy/future-of-digital-health-drivers?v=introduction-to-medical-software/supplement/Ih9Xy/future-of-digital-health-drivers&list=introduction-to-medical-software&type=snipo,,Digital Medicine and Business (Dr. Gregory Licholai),To Learn,,1,00:15:00,
098 - Creating a Validation Plan,"Software Validation, Deployment, Maintenance and Retirement",No,https://www.coursera.org/learn/introduction-to-medical-software/lecture/kN1MG/creating-a-validation-plan?v=introduction-to-medical-software/lecture/kN1MG/creating-a-validation-plan&list=introduction-to-medical-software&type=snipo,,Software Validation,To Learn,,1,00:09:47,
121 - FDA: What is Digital Health,Business and Management Issues,No,https://www.coursera.org/learn/introduction-to-medical-software/supplement/Ti9aR/fda-what-is-digital-health?v=introduction-to-medical-software/supplement/Ti9aR/fda-what-is-digital-health&list=introduction-to-medical-software&type=snipo,,Digital Medicine and Business (Dr. Gregory Licholai),To Learn,,1,00:10:00,
104 - Introduction to Deep Learning (Prof. Nicha Dvornek),Machine Learning,No,https://www.coursera.org/learn/introduction-to-medical-software/lecture/GiL1g/introduction-to-deep-learning-prof-nicha-dvornek?v=introduction-to-medical-software/lecture/GiL1g/introduction-to-deep-learning-prof-nicha-dvornek&list=introduction-to-medical-software&type=snipo,,"Artificial Intelligence, Machine Learning, and Deep Learning",To Learn,,1,00:16:43,
122 - FDA Guidance Documents that relate to Digital Health,Business and Management Issues,No,https://www.coursera.org/learn/introduction-to-medical-software/supplement/eGLBD/fda-guidance-documents-that-relate-to-digital-health?v=introduction-to-medical-software/supplement/eGLBD/fda-guidance-documents-that-relate-to-digital-health&list=introduction-to-medical-software&type=snipo,,Digital Medicine and Business (Dr. Gregory Licholai),To Learn,,1,00:05:00,
043 - The Risk Management Process,Quality and Risk Management,No,https://www.coursera.org/learn/introduction-to-medical-software/lecture/Xb32m/the-risk-management-process?v=introduction-to-medical-software/lecture/Xb32m/the-risk-management-process&list=introduction-to-medical-software&type=snipo,,Introduction to Risk Management,To Learn,,1,00:09:08,
115 - Quiz 11,Machine Learning,No,https://www.coursera.org/learn/introduction-to-medical-software/exam/ZoUh6/quiz-11?v=introduction-to-medical-software/exam/ZoUh6/quiz-11&list=introduction-to-medical-software&type=snipo,,Week 11 Quiz,To Learn,,1,00:30:00,
123 - Setting up a new Healthcare Venture,Business and Management Issues,No,https://www.coursera.org/learn/introduction-to-medical-software/lecture/2vIrS/setting-up-a-new-healthcare-venture?v=introduction-to-medical-software/lecture/2vIrS/setting-up-a-new-healthcare-venture&list=introduction-to-medical-software&type=snipo,,Launching a Healthcare Venture (Dr. Ayesha Quraishi),To Learn,,1,00:18:58,
095 - Introduction to Clinical Trials,"Software Validation, Deployment, Maintenance and Retirement",No,https://www.coursera.org/learn/introduction-to-medical-software/lecture/NbOHd/introduction-to-clinical-trials?v=introduction-to-medical-software/lecture/NbOHd/introduction-to-clinical-trials&list=introduction-to-medical-software&type=snipo,,Software Validation,To Learn,,1,00:09:00,
023 - Emerging Issues: AI/ML,Medical Software Regulation (FDA and IMDRF),No,https://www.coursera.org/learn/introduction-to-medical-software/lecture/nYLJk/emerging-issues-ai-ml?v=introduction-to-medical-software/lecture/nYLJk/emerging-issues-ai-ml&list=introduction-to-medical-software&type=snipo,,Contemporary Guidance and Regulatory Processes,To Learn,,1,00:05:29,
113 - Intriguing properties of neural networks,Machine Learning,No,https://www.coursera.org/learn/introduction-to-medical-software/supplement/cyNEd/intriguing-properties-of-neural-networks?v=introduction-to-medical-software/supplement/cyNEd/intriguing-properties-of-neural-networks&list=introduction-to-medical-software&type=snipo,,Regulatory Issues in using AI/ML for Medical Applications,To Learn,,1,00:30:00,
127 - Summary of Digital Health Ventures Financing,Business and Management Issues,No,https://www.coursera.org/learn/introduction-to-medical-software/supplement/CthCe/summary-of-digital-health-ventures-financing?v=introduction-to-medical-software/supplement/CthCe/summary-of-digital-health-ventures-financing&list=introduction-to-medical-software&type=snipo,,Launching a Healthcare Venture (Dr. Ayesha Quraishi),To Learn,,1,00:20:00,
056 - Quiz 5,Software Development Life Cycle,No,https://www.coursera.org/learn/introduction-to-medical-software/exam/BgnKX/quiz-5?v=introduction-to-medical-software/exam/BgnKX/quiz-5&list=introduction-to-medical-software&type=snipo,,Week 5 Quiz,To Learn,,1,00:30:00,
131 - Healthcare.gov presented by Daisha Roberts,"Optional Supplement: Case Studies ",No,https://www.coursera.org/learn/introduction-to-medical-software/lecture/yJCOP/healthcare-gov-presented-by-daisha-roberts?v=introduction-to-medical-software/lecture/yJCOP/healthcare-gov-presented-by-daisha-roberts&list=introduction-to-medical-software&type=snipo,,Healthcare.gov,To Learn,,1,00:06:50,
036 - Principles and Practices for Medical Device Cybersecurity,"The Healthcare Environment (EHR, PACS, Data Privacy, and Cybersecurity)",No,https://www.coursera.org/learn/introduction-to-medical-software/supplement/CnJ6j/principles-and-practices-for-medical-device-cybersecurity?v=introduction-to-medical-software/supplement/CnJ6j/principles-and-practices-for-medical-device-cybersecurity&list=introduction-to-medical-software&type=snipo,,Cybersecurity and Data Privacy,To Learn,,1,00:30:00,
"132 - Link to the full segment from NBC News' Coverage of the Launch of HealthCare.gov (Oct. 24, 2013)","Optional Supplement: Case Studies ",No,https://www.coursera.org/learn/introduction-to-medical-software/supplement/CVdPH/link-to-the-full-segment-from-nbc-news-coverage-of-the-launch-of-healthcare-gov?v=introduction-to-medical-software/supplement/CVdPH/link-to-the-full-segment-from-nbc-news-coverage-of-the-launch-of-healthcare-gov&list=introduction-to-medical-software&type=snipo,,Healthcare.gov,To Learn,,1,00:10:00,
136 - Iowa's Tally-by-App Experiment Fails,"Optional Supplement: Case Studies ",No,https://www.coursera.org/learn/introduction-to-medical-software/supplement/TasHL/iowas-tally-by-app-experiment-fails?v=introduction-to-medical-software/supplement/TasHL/iowas-tally-by-app-experiment-fails&list=introduction-to-medical-software&type=snipo,,Iowa Caucus,To Learn,,1,00:10:00,
133 - Health and Human Services Investigation,"Optional Supplement: Case Studies ",No,https://www.coursera.org/learn/introduction-to-medical-software/supplement/nLWZZ/health-and-human-services-investigation?v=introduction-to-medical-software/supplement/nLWZZ/health-and-human-services-investigation&list=introduction-to-medical-software&type=snipo,,Healthcare.gov,To Learn,,1,00:10:00,
130 - Fatal Dose - Radiation Deaths Linked to AECL Computer Errors,"Optional Supplement: Case Studies ",No,https://www.coursera.org/learn/introduction-to-medical-software/supplement/MuavA/fatal-dose-radiation-deaths-linked-to-aecl-computer-errors?v=introduction-to-medical-software/supplement/MuavA/fatal-dose-radiation-deaths-linked-to-aecl-computer-errors&list=introduction-to-medical-software&type=snipo,,Therac-25,To Learn,,1,00:10:00,
126 - Resources for Digital Health Venture Funding,Business and Management Issues,No,https://www.coursera.org/learn/introduction-to-medical-software/supplement/1PWYA/resources-for-digital-health-venture-funding?v=introduction-to-medical-software/supplement/1PWYA/resources-for-digital-health-venture-funding&list=introduction-to-medical-software&type=snipo,,Launching a Healthcare Venture (Dr. Ayesha Quraishi),To Learn,,1,00:10:00,
140 - UK NHS Investigation Report,"Optional Supplement: Case Studies ",No,https://www.coursera.org/learn/introduction-to-medical-software/supplement/ItNny/uk-nhs-investigation-report?v=introduction-to-medical-software/supplement/ItNny/uk-nhs-investigation-report&list=introduction-to-medical-software&type=snipo,,WannaCry,To Learn,,1,00:10:00,
124 - Finding your First Paying Customer,Business and Management Issues,No,https://www.coursera.org/learn/introduction-to-medical-software/lecture/N1qt0/finding-your-first-paying-customer?v=introduction-to-medical-software/lecture/N1qt0/finding-your-first-paying-customer&list=introduction-to-medical-software&type=snipo,,Launching a Healthcare Venture (Dr. Ayesha Quraishi),To Learn,,1,00:17:44,
141 - Descriptions and links to the complete videos on YouTube,Optional Supplement: Expert Interviews,No,https://www.coursera.org/learn/introduction-to-medical-software/supplement/MmSu8/descriptions-and-links-to-the-complete-videos-on-youtube?v=introduction-to-medical-software/supplement/MmSu8/descriptions-and-links-to-the-complete-videos-on-youtube&list=introduction-to-medical-software&type=snipo,,Interviews,To Learn,,1,00:10:00,
134 - Iowa 2020  Caucus App presented by  Alex Chen,"Optional Supplement: Case Studies ",No,https://www.coursera.org/learn/introduction-to-medical-software/lecture/xZWgd/iowa-2020-caucus-app-presented-by-alex-chen?v=introduction-to-medical-software/lecture/xZWgd/iowa-2020-caucus-app-presented-by-alex-chen&list=introduction-to-medical-software&type=snipo,,Iowa Caucus,To Learn,,1,00:09:15,
137 - Here's the Shadow Inc. App that Failed in Iowa Last Night,"Optional Supplement: Case Studies ",No,https://www.coursera.org/learn/introduction-to-medical-software/supplement/kEWA6/heres-the-shadow-inc-app-that-failed-in-iowa-last-night?v=introduction-to-medical-software/supplement/kEWA6/heres-the-shadow-inc-app-that-failed-in-iowa-last-night&list=introduction-to-medical-software&type=snipo,,Iowa Caucus,To Learn,,1,00:10:00,
094 - Software as Medical Device (SAMD): Clinical Evaluation. Guidance for Industry and Food and Drug Administration Staff,"Software Validation, Deployment, Maintenance and Retirement",No,https://www.coursera.org/learn/introduction-to-medical-software/supplement/oZkbS/software-as-medical-device-samd-clinical-evaluation-guidance-for-industry-and?v=introduction-to-medical-software/supplement/oZkbS/software-as-medical-device-samd-clinical-evaluation-guidance-for-industry-and&list=introduction-to-medical-software&type=snipo,,Software Validation,To Learn,,1,00:30:00,
088 - Statistical Significance,Probability and Statistics,No,https://www.coursera.org/learn/introduction-to-medical-software/lecture/01Gd0/statistical-significance?v=introduction-to-medical-software/lecture/01Gd0/statistical-significance&list=introduction-to-medical-software&type=snipo,,Tools for Clinical Trials,To Learn,,1,00:11:11,
128 - Therac-25 presented by AnMei Little,"Optional Supplement: Case Studies ",No,https://www.coursera.org/learn/introduction-to-medical-software/lecture/7Jgox/therac-25-presented-by-anmei-little?v=introduction-to-medical-software/lecture/7Jgox/therac-25-presented-by-anmei-little&list=introduction-to-medical-software&type=snipo,,Therac-25,To Learn,,1,00:08:38,
138 - WannaCry and the UK NHS presented by Ellie Gabriel,"Optional Supplement: Case Studies ",No,https://www.coursera.org/learn/introduction-to-medical-software/lecture/MSiww/wannacry-and-the-uk-nhs-presented-by-ellie-gabriel?v=introduction-to-medical-software/lecture/MSiww/wannacry-and-the-uk-nhs-presented-by-ellie-gabriel&list=introduction-to-medical-software&type=snipo,,WannaCry,To Learn,,1,00:06:56,
029 - Development of Electronic Health Record,"The Healthcare Environment (EHR, PACS, Data Privacy, and Cybersecurity)",No,https://www.coursera.org/learn/introduction-to-medical-software/supplement/Zj9dt/development-of-electronic-health-record?v=introduction-to-medical-software/supplement/Zj9dt/development-of-electronic-health-record&list=introduction-to-medical-software&type=snipo,,The Clinical Environment,To Learn,,1,00:30:00,
"135 - Link to the full segment from MSNBC's Coverage of the Iowa Democratic Party Caucus ","Optional Supplement: Case Studies ",No,https://www.coursera.org/learn/introduction-to-medical-software/supplement/oKyBS/link-to-the-full-segment-from-msnbc-s-coverage-of-the-iowa-democratic-party?v=introduction-to-medical-software/supplement/oKyBS/link-to-the-full-segment-from-msnbc-s-coverage-of-the-iowa-democratic-party&list=introduction-to-medical-software&type=snipo,,Iowa Caucus,To Learn,,1,00:10:00,
139 - Link to the BBC News Segment used as part of the presentation,"Optional Supplement: Case Studies ",No,https://www.coursera.org/learn/introduction-to-medical-software/supplement/6oUh4/link-to-the-bbc-news-segment-used-as-part-of-the-presentation?v=introduction-to-medical-software/supplement/6oUh4/link-to-the-bbc-news-segment-used-as-part-of-the-presentation&list=introduction-to-medical-software&type=snipo,,WannaCry,To Learn,,1,00:10:00,
109 - Perspectives and Good Practices for AI and Continuously Learning Systems in Healthcare,Machine Learning,No,https://www.coursera.org/learn/introduction-to-medical-software/supplement/Vhl9D/perspectives-and-good-practices-for-ai-and-continuously-learning-systems-in?v=introduction-to-medical-software/supplement/Vhl9D/perspectives-and-good-practices-for-ai-and-continuously-learning-systems-in&list=introduction-to-medical-software&type=snipo,,Regulatory Issues in using AI/ML for Medical Applications,To Learn,,1,00:30:00,first weeks
074 - Quiz 7,Software Architecture Design and Usability Engineering,No,https://www.coursera.org/learn/introduction-to-medical-software/exam/VqpAs/quiz-7?v=introduction-to-medical-software/exam/VqpAs/quiz-7&list=introduction-to-medical-software&type=snipo,,Week 7 Quiz,To Learn,,1,00:30:00,
129 - An Investigation of the Therac-25 Accidents,"Optional Supplement: Case Studies ",No,https://www.coursera.org/learn/introduction-to-medical-software/supplement/XxFMq/an-investigation-of-the-therac-25-accidents?v=introduction-to-medical-software/supplement/XxFMq/an-investigation-of-the-therac-25-accidents&list=introduction-to-medical-software&type=snipo,,Therac-25,To Learn,,1,00:30:00,
119 - Drivers of Digital Health Growth,Business and Management Issues,No,https://www.coursera.org/learn/introduction-to-medical-software/supplement/NQcPO/drivers-of-digital-health-growth?v=introduction-to-medical-software/supplement/NQcPO/drivers-of-digital-health-growth&list=introduction-to-medical-software&type=snipo,,Digital Medicine and Business (Dr. Gregory Licholai),To Learn,,1,00:20:00,
"026 - Patients, Doctors and ???","The Healthcare Environment (EHR, PACS, Data Privacy, and Cybersecurity)",No,https://www.coursera.org/learn/introduction-to-medical-software/lecture/bR1cB/patients-doctors-and?v=introduction-to-medical-software/lecture/bR1cB/patients-doctors-and&list=introduction-to-medical-software&type=snipo,,The Clinical Environment,To Learn,,1,00:08:23,
099 - Deployment,"Software Validation, Deployment, Maintenance and Retirement",No,https://www.coursera.org/learn/introduction-to-medical-software/lecture/1Vpzi/deployment?v=introduction-to-medical-software/lecture/1Vpzi/deployment&list=introduction-to-medical-software&type=snipo,,"Deployment, Maintenance, and Retirement",To Learn,,1,00:07:45,
125 - When and how to Raise Capital,Business and Management Issues,No,https://www.coursera.org/learn/introduction-to-medical-software/lecture/xsWyX/when-and-how-to-raise-capital?v=introduction-to-medical-software/lecture/xsWyX/when-and-how-to-raise-capital&list=introduction-to-medical-software&type=snipo,,Launching a Healthcare Venture (Dr. Ayesha Quraishi),To Learn,,1,00:22:41,
050 - Case Study of the use of Agile Techniques in Medical Software,Software Development Life Cycle,No,https://www.coursera.org/learn/introduction-to-medical-software/supplement/t0MQa/case-study-of-the-use-of-agile-techniques-in-medical-software?v=introduction-to-medical-software/supplement/t0MQa/case-study-of-the-use-of-agile-techniques-in-medical-software&list=introduction-to-medical-software&type=snipo,,Life Cycles and the IEC 62304 Standard,To Learn,,1,00:30:00,